From	To
Q5L8D3	bfs:BF9343_3874
Q5L8D2	bfs:BF9343_3875
Q5L8D1	bfs:BF9343_3876
Q5L842	bfs:BF9343_3974
Q5LCF6	bfs:BF9343_2428
Q5LBS9	bfs:BF9343_2658
Q5L8B4	bfs:BF9343_3893
Q5LI34	bfs:BF9343_0415
A0A380YZA8	bfs:BF9343_1660
Q5L8D4	bfs:BF9343_3873
Q5L8C7	bfs:BF9343_3880
Q5L8B9	bfs:BF9343_3888
Q5LEH5	bfs:BF9343_1695
Q5LEH1	bfs:BF9343_1699
Q5LEG5	bfs:BF9343_1705
Q5LEG4	bfs:BF9343_1706
Q5LEG3	bfs:BF9343_1707
Q5LEG2	bfs:BF9343_1708
Q5LEM6	bfs:BF9343_1644
Q5LEM4	bfs:BF9343_1646
Q5LEM1	bfs:BF9343_1649
Q5LEM0	bfs:BF9343_1650
Q5LEL9	bfs:BF9343_1651
Q5LEL8	bfs:BF9343_1652
Q5LEL7	bfs:BF9343_1653
Q5LEK3	bfs:BF9343_1667
Q5LEK2	bfs:BF9343_1668
Q5LEK1	bfs:BF9343_1669
Q5LEK0	bfs:BF9343_1670
Q5LEJ8	bfs:BF9343_1672
Q5LEJ7	bfs:BF9343_1673
Q5LEJ3	bfs:BF9343_1677
Q5LEI7	bfs:BF9343_1683
Q5LEI6	bfs:BF9343_1684
Q5LEI2	bfs:BF9343_1688
Q5LEI1	bfs:BF9343_1689
Q5LEI0	bfs:BF9343_1690
Q5L8A5	bfs:BF9343_3902
Q5LEL3	bfs:BF9343_1657
Q5LHL2	bfs:BF9343_0589
Q5LHK8	bfs:BF9343_0593
Q5LHE0	bfs:BF9343_0661
Q5LHB4	bfs:BF9343_0688
Q5LH48	bfs:BF9343_0757
Q5LGW5	bfs:BF9343_0840
Q5LGV0	bfs:BF9343_0856
Q5LGU0	bfs:BF9343_0866
Q5LGS8	bfs:BF9343_0878
Q5LGR5	bfs:BF9343_0891
Q5LGN8	bfs:BF9343_0919
Q5LG52	bfs:BF9343_1108
Q5LG11	bfs:BF9343_1149
Q5LFJ9	bfs:BF9343_1313
Q5LF25	bfs:BF9343_1492
Q5LEZ7	bfs:BF9343_1521
Q5LEU5	bfs:BF9343_1574
Q5LEU3	bfs:BF9343_1576
Q5LET3	bfs:BF9343_1586
Q5LES4	bfs:BF9343_1595
Q5LE42	bfs:BF9343_1829
Q5LDR7	bfs:BF9343_1959
Q5LD85	bfs:BF9343_2144
Q5LCW4	bfs:BF9343_2268
Q5LCU7	bfs:BF9343_2285
Q5LCL7	bfs:BF9343_2367
Q5LCD6	bfs:BF9343_2448
Q5LC60	bfs:BF9343_2525
Q5LC52	bfs:BF9343_2533
Q5LC26	bfs:BF9343_2559
Q5LBW0	bfs:BF9343_2627
Q5LBT5	bfs:BF9343_2652
Q5LHP0	bfs:BF9343_0561
Q5LHW2	bfs:BF9343_0489
A0A380YVT1	bfs:BF9343_0443
Q5LI62	bfs:BF9343_0386
Q5LIM4	bfs:BF9343_0223
Q5LIS0	bfs:BF9343_0177
Q5LIS3	bfs:BF9343_0174
Q5LIT8	bfs:BF9343_0159
Q5LJ21	bfs:BF9343_0076
Q5LJ31	bfs:BF9343_0066
Q5LJ32	bfs:BF9343_0065
Q5LJ51	bfs:BF9343_0046
Q5LBR4	bfs:BF9343_2673
Q5LB09	bfs:BF9343_2932
Q5LAY7	bfs:BF9343_2954
Q5LAY2	bfs:BF9343_2959
Q5LAY1	bfs:BF9343_2960
Q5LAX0	bfs:BF9343_2972
Q5LAL8	bfs:BF9343_3074
Q5LAL7	bfs:BF9343_3075
Q5LAL2	bfs:BF9343_3080
Q5L9V4	bfs:BF9343_3341
Q5L9L2	bfs:BF9343_3434
Q5L9E4	bfs:BF9343_3503
Q5L9B5	bfs:BF9343_3532
Q5L7L6	bfs:BF9343_4153
Q5L7L9	bfs:BF9343_4150
Q5L816	bfs:BF9343_4000
Q5L887	bfs:BF9343_3920
Q5L889	bfs:BF9343_3918
Q5L890	bfs:BF9343_3917
Q5L891	bfs:BF9343_3916
Q5L892	bfs:BF9343_3915
Q5L894	bfs:BF9343_3913
Q5L896	bfs:BF9343_3911
Q5L8A8	bfs:BF9343_3899
Q5L8A9	bfs:BF9343_3898
Q5L8B0	bfs:BF9343_3897
Q5L8B3	bfs:BF9343_3894
Q5L8B5	bfs:BF9343_3892
Q5L8B7	bfs:BF9343_3890
Q5L8C3	bfs:BF9343_3884
Q5L8C9	bfs:BF9343_3878
Q5L8D6	bfs:BF9343_3871
Q5L8K8	bfs:BF9343_3798
Q5L8L2	bfs:BF9343_3794
Q5L8U9	bfs:BF9343_3702
Q5L8W5	bfs:BF9343_3686
Q5L8X2	bfs:BF9343_3679
Q5LAA6	bfs:BF9343_3186
Q5LJ96	bfs:BF9343_0001
Q5L7C1	bfs:BF9343_4250
Q5L7G4	bfs:BF9343_4207
Q5L7G0	bfs:BF9343_4211
Q5L7F4	bfs:BF9343_4217
Q5L7F3	bfs:BF9343_4218
Q5L7F2	bfs:BF9343_4219
Q5L7F1	bfs:BF9343_4220
Q5L7E9	bfs:BF9343_4222
Q5L7E8	bfs:BF9343_4223
Q5L7E7	bfs:BF9343_4224
Q5L7E6	bfs:BF9343_4225
Q5L7E5	bfs:BF9343_4226
A0A380YT06	bfs:BF9343_4227
Q5L7D8	bfs:BF9343_4233
Q5L7D6	bfs:BF9343_4235
Q5L7D4	bfs:BF9343_4237
Q5L7D2	bfs:BF9343_4239
Q5L7D1	bfs:BF9343_4240
Q5L7D0	bfs:BF9343_4241
Q5L7C9	bfs:BF9343_4242
Q5L7C7	bfs:BF9343_4244
Q5L7C4	bfs:BF9343_4247
D1JQ27	bfs:BF9343_4248
Q5L7B9	bfs:BF9343_4252
Q5L7B3	bfs:BF9343_4258
Q5LJ79	bfs:BF9343_0018
Q5LJ77	bfs:BF9343_0020
Q5LJ75	bfs:BF9343_0022
Q5LJ71	bfs:BF9343_0026
Q5LJ70	bfs:BF9343_0027
Q5LJ69	bfs:BF9343_0028
Q5LJ29	bfs:BF9343_0068
Q5LJ28	bfs:BF9343_0069
Q5LJ26	bfs:BF9343_0071
Q5LJ23	bfs:BF9343_0074
Q5LJ20	bfs:BF9343_0077
Q5LJ15	bfs:BF9343_0082
Q5LJ12	bfs:BF9343_0085
Q5LJ04	bfs:BF9343_0093
Q5LIZ9	bfs:BF9343_0098
Q5LIZ5	bfs:BF9343_0102
Q5LIY9	bfs:BF9343_0108
Q5LIY7	bfs:BF9343_0110
Q5LIY3	bfs:BF9343_0114
Q5LIY2	bfs:BF9343_0115
Q5LIY1	bfs:BF9343_0116
Q5LIY0	bfs:BF9343_0117
Q5LIX8	bfs:BF9343_0119
Q5LIX3	bfs:BF9343_0124
Q5LIX0	bfs:BF9343_0127
Q5LIW8	bfs:BF9343_0129
Q5LIW6	bfs:BF9343_0131
Q5LIW3	bfs:BF9343_0134
Q5LIW2	bfs:BF9343_0135
Q5LIW1	bfs:BF9343_0136
Q5LIV7	bfs:BF9343_0140
Q5LIV5	bfs:BF9343_0142
Q5LIV3	bfs:BF9343_0144
A0A0K6BNH7	bfs:BF9343_0145
Q5LIU9	bfs:BF9343_0148
Q5LIU7	bfs:BF9343_0150
Q5LIU6	bfs:BF9343_0151
Q5LIU5	bfs:BF9343_0152
Q5LIU4	bfs:BF9343_0153
Q5LIU3	bfs:BF9343_0154
Q5LIU2	bfs:BF9343_0155
Q5LIS8	bfs:BF9343_0169
A0A380YT49	bfs:BF9343_0170
Q5LIS4	bfs:BF9343_0173
Q5LIS1	bfs:BF9343_0176
Q5LIR9	bfs:BF9343_0178
A0A380YW24	bfs:BF9343_0182
Q5LIR1	bfs:BF9343_0186
D1JQL9	bfs:BF9343_0188
Q5LIQ8	bfs:BF9343_0189
Q5LIQ7	bfs:BF9343_0190
Q5LIQ3	bfs:BF9343_0194
Q5LIQ1	bfs:BF9343_0196
Q5LIP8	bfs:BF9343_0199
Q5LIP6	bfs:BF9343_0201
Q5LIP5	bfs:BF9343_0202
Q5LIP3	bfs:BF9343_0204
Q5LIP2	bfs:BF9343_0205
Q5LIN9	bfs:BF9343_0208
Q5LIN6	bfs:BF9343_0211
Q5LIN3	bfs:BF9343_0214
Q5LIN2	bfs:BF9343_0215
Q5LIN1	bfs:BF9343_0216
A0A380YVD1	bfs:BF9343_0217
Q5LIM7	bfs:BF9343_0220
Q5LIM5	bfs:BF9343_0222
Q5LIL2	bfs:BF9343_0235
Q5LIL1	bfs:BF9343_0236
Q5LIK7	bfs:BF9343_0240
Q5LIK5	bfs:BF9343_0242
Q5LIK4	bfs:BF9343_0243
Q5LIK3	bfs:BF9343_0244
Q5LIK2	bfs:BF9343_0245
Q5LIK1	bfs:BF9343_0246
Q5LIK0	bfs:BF9343_0247
Q5LIJ8	bfs:BF9343_0249
Q5LIJ7	bfs:BF9343_0250
Q5LIJ1	bfs:BF9343_0256
Q5LII6	bfs:BF9343_0261
Q5LII5	bfs:BF9343_0262
Q5LII3	bfs:BF9343_0264
Q5LII1	bfs:BF9343_0266
Q5LIH9	bfs:BF9343_0268
Q5LIH7	bfs:BF9343_0270
Q5LIH4	bfs:BF9343_0273
Q5LIG7	bfs:BF9343_0280
Q5LIF4	bfs:BF9343_0293
Q5LIE9	bfs:BF9343_0298
Q5LIE2	bfs:BF9343_0305
Q5LID5	bfs:BF9343_0312
Q5LID1	bfs:BF9343_0316
Q5LID0	bfs:BF9343_0317
Q5LIC9	bfs:BF9343_0318
Q5LIB7	bfs:BF9343_0330
Q5LIA6	bfs:BF9343_0341
Q5LIA5	bfs:BF9343_0342
Q5LIA2	bfs:BF9343_0345
Q5LI92	bfs:BF9343_0355
Q5LI89	bfs:BF9343_0358
Q5LI87	bfs:BF9343_0360
Q5LI84	bfs:BF9343_0363
Q5LI76	bfs:BF9343_0372
Q5LI72	bfs:BF9343_0376
Q5LI66	bfs:BF9343_0382
Q5LI65	bfs:BF9343_0383
A0A380YU19	bfs:BF9343_0401
Q5LI47	bfs:BF9343_0402
Q5LI46	bfs:BF9343_0403
Q5LI45	bfs:BF9343_0404
Q5LI41	bfs:BF9343_0408
Q5LI38	bfs:BF9343_0411
Q5LI35	bfs:BF9343_0414
Q5LI33	bfs:BF9343_0416
Q5LI30	bfs:BF9343_0419
Q5LI26	bfs:BF9343_0423
A0A380YUB3	bfs:BF9343_0424
Q5LI22	bfs:BF9343_0427
Q5LI20	bfs:BF9343_0429
Q5LI19	bfs:BF9343_0430
Q5LI17	bfs:BF9343_0432
Q5LI13	bfs:BF9343_0436
Q5LI12	bfs:BF9343_0437
Q5LHZ6	bfs:BF9343_0455
Q5LHZ5	bfs:BF9343_0456
Q5LHZ4	bfs:BF9343_0457
Q5LHZ1	bfs:BF9343_0460
Q5LHY9	bfs:BF9343_0462
Q5LHY8	bfs:BF9343_0463
Q5LHY5	bfs:BF9343_0466
Q5LHW5	bfs:BF9343_0486
Q5LHW3	bfs:BF9343_0488
Q5LHW1	bfs:BF9343_0490
Q5LHV6	bfs:BF9343_0495
Q5LHV5	bfs:BF9343_0496
Q5LHV4	bfs:BF9343_0497
Q5LHV3	bfs:BF9343_0498
Q5LHV1	bfs:BF9343_0500
Q5LHU6	bfs:BF9343_0505
Q5LHU3	bfs:BF9343_0508
Q5LHU2	bfs:BF9343_0509
Q5LHU1	bfs:BF9343_0510
Q5LHT8	bfs:BF9343_0513
Q5LHT3	bfs:BF9343_0518
Q5LHT2	bfs:BF9343_0519
Q5LHT1	bfs:BF9343_0520
Q5LHS7	bfs:BF9343_0524
Q5LHS5	bfs:BF9343_0526
Q5LHS2	bfs:BF9343_0529
Q5LHS1	bfs:BF9343_0530
Q5LHS0	bfs:BF9343_0531
Q5LHR7	bfs:BF9343_0534
Q5LHR6	bfs:BF9343_0535
Q5LHR2	bfs:BF9343_0539
Q5LHQ0	bfs:BF9343_0551
Q5LHP9	bfs:BF9343_0552
Q5LHP3	bfs:BF9343_0558
Q5LHP2	bfs:BF9343_0559
Q5LHP1	bfs:BF9343_0560
Q5LHN5	bfs:BF9343_0566
Q5LHN1	bfs:BF9343_0570
Q5LHM2	bfs:BF9343_0579
Q5LHM1	bfs:BF9343_0580
A0A380YUC6	bfs:BF9343_0595
Q5LHK5	bfs:BF9343_0596
Q5LHK1	bfs:BF9343_0600
A0A380YUE8	bfs:BF9343_0601
Q5LHJ8	bfs:BF9343_0603
Q5LHJ7	bfs:BF9343_0604
Q5LHJ6	bfs:BF9343_0605
Q5LHJ5	bfs:BF9343_0606
Q5LHJ4	bfs:BF9343_0607
Q5LHJ3	bfs:BF9343_0608
Q5LHJ1	bfs:BF9343_0610
Q5LHJ0	bfs:BF9343_0611
Q5LHI9	bfs:BF9343_0612
Q5LHI8	bfs:BF9343_0613
Q5LHI3	bfs:BF9343_0618
Q5LHI1	bfs:BF9343_0620
Q5LHI0	bfs:BF9343_0621
Q5LHH9	bfs:BF9343_0622
Q5LHH3	bfs:BF9343_0628
Q5LHH1	bfs:BF9343_0630
Q5LHG4	bfs:BF9343_0637
Q5LHG3	bfs:BF9343_0638
Q5LHG2	bfs:BF9343_0639
Q5LHF5	bfs:BF9343_0646
Q5LHE7	bfs:BF9343_0654
Q5LHE4	bfs:BF9343_0657
Q5LHD9	bfs:BF9343_0662
Q5LHD7	bfs:BF9343_0664
A0A380YUS9	bfs:BF9343_0668
Q5LHD2	bfs:BF9343_0669
Q5LHD0	bfs:BF9343_0671
Q5LHC9	bfs:BF9343_0672
Q5LHC7	bfs:BF9343_0674
Q5LHC3	bfs:BF9343_0678
Q5LHC1	bfs:BF9343_0680
Q5LHB7	bfs:BF9343_0684
Q5LHB3	bfs:BF9343_0690
A0A0K6BRB7	bfs:BF9343_0693
Q5LHA7	bfs:BF9343_0696
Q5LH80	bfs:BF9343_0724
Q5LH69	bfs:BF9343_0736
Q5LH68	bfs:BF9343_0737
Q5LH56	bfs:BF9343_0749
Q5LH53	bfs:BF9343_0752
Q5LH52	bfs:BF9343_0753
Q5LH51	bfs:BF9343_0754
Q5LH50	bfs:BF9343_0755
Q5LH47	bfs:BF9343_0758
Q5LH45	bfs:BF9343_0760
Q5LH40	bfs:BF9343_0765
Q5LH38	bfs:BF9343_0767
Q5LH37	bfs:BF9343_0768
Q5LH32	bfs:BF9343_0773
Q5LH29	bfs:BF9343_0776
Q5LH27	bfs:BF9343_0778
Q5LH22	bfs:BF9343_0783
A0A380YVF4	bfs:BF9343_0785
Q5LH18	bfs:BF9343_0787
Q5LH16	bfs:BF9343_0789
Q5LH15	bfs:BF9343_0790
Q5LH14	bfs:BF9343_0791
Q5LH13	bfs:BF9343_0792
Q5LH11	bfs:BF9343_0794
Q5LH08	bfs:BF9343_0797
Q5LH06	bfs:BF9343_0799
Q5LH05	bfs:BF9343_0800
Q5LH04	bfs:BF9343_0801
Q5LH03	bfs:BF9343_0802
Q5LH02	bfs:BF9343_0803
Q5LH01	bfs:BF9343_0804
Q5LH00	bfs:BF9343_0805
Q5LGZ9	bfs:BF9343_0806
Q5LGZ5	bfs:BF9343_0810
Q5LGZ3	bfs:BF9343_0812
Q5LGZ0	bfs:BF9343_0815
Q5LGX8	bfs:BF9343_0827
Q5LGX7	bfs:BF9343_0828
Q5LGW8	bfs:BF9343_0837
Q5LGW7	bfs:BF9343_0838
Q5LGW4	bfs:BF9343_0841
Q5LGW1	bfs:BF9343_0844
Q5LGW0	bfs:BF9343_0845
Q5LGV8	bfs:BF9343_0847
Q5LGV7	bfs:BF9343_0848
Q5LGV6	bfs:BF9343_0849
Q5LGV4	bfs:BF9343_0851
Q5LGV3	bfs:BF9343_0852
Q5LGU9	bfs:BF9343_0857
Q5LGU8	bfs:BF9343_0858
Q5LGU7	bfs:BF9343_0859
Q5LGU5	bfs:BF9343_0861
Q5LGU4	bfs:BF9343_0862
Q5LGU3	bfs:BF9343_0863
Q5LGT6	bfs:BF9343_0870
Q5LGT0	bfs:BF9343_0876
Q5LGS6	bfs:BF9343_0880
Q5LGS4	bfs:BF9343_0882
Q5LGS3	bfs:BF9343_0883
Q5LGS1	bfs:BF9343_0885
Q5LGS0	bfs:BF9343_0886
Q5LGR8	bfs:BF9343_0888
Q5LGR7	bfs:BF9343_0889
Q5LGR6	bfs:BF9343_0890
Q5LGR2	bfs:BF9343_0894
Q5LGQ9	bfs:BF9343_0897
Q5LGQ5	bfs:BF9343_0901
Q5LGQ2	bfs:BF9343_0904
Q5LGP9	bfs:BF9343_0908
Q5LGP8	bfs:BF9343_0909
Q5LGP7	bfs:BF9343_0910
Q5LGP4	bfs:BF9343_0913
Q5LGP2	bfs:BF9343_0915
Q5LGN7	bfs:BF9343_0920
Q5LGN6	bfs:BF9343_0921
Q5LGN5	bfs:BF9343_0922
Q5LGN3	bfs:BF9343_0924
Q5LGM8	bfs:BF9343_0930
Q5LGM6	bfs:BF9343_0932
Q5LGM5	bfs:BF9343_0933
Q5LGM4	bfs:BF9343_0934
Q5LGM3	bfs:BF9343_0935
Q5LGM2	bfs:BF9343_0936
Q5LGM1	bfs:BF9343_0937
Q5LGM0	bfs:BF9343_0938
Q5LGL8	bfs:BF9343_0940
Q5LGL4	bfs:BF9343_0944
Q5LGL1	bfs:BF9343_0947
Q5LGL0	bfs:BF9343_0948
Q5LGK5	bfs:BF9343_0953
Q5LGK4	bfs:BF9343_0954
Q5LGK3	bfs:BF9343_0955
Q5LGK2	bfs:BF9343_0956
Q5LGJ9	bfs:BF9343_0959
Q5LGJ8	bfs:BF9343_0960
Q5LGJ7	bfs:BF9343_0961
Q5LGJ1	bfs:BF9343_0967
Q5LGH7	bfs:BF9343_0981
Q5LGH3	bfs:BF9343_0985
Q5LGH1	bfs:BF9343_0987
Q5LGH0	bfs:BF9343_0988
Q5LGG6	bfs:BF9343_0992
Q5LGG5	bfs:BF9343_0993
Q5LGG4	bfs:BF9343_0994
Q5LGG1	bfs:BF9343_0998
Q5LGF5	bfs:BF9343_1004
Q5LGF3	bfs:BF9343_1006
Q5LG77	bfs:BF9343_1083
Q5LG75	bfs:BF9343_1085
Q5LG74	bfs:BF9343_1086
Q5LG71	bfs:BF9343_1089
Q5LG69	bfs:BF9343_1091
Q5LG67	bfs:BF9343_1093
Q5LG66	bfs:BF9343_1094
Q5LG64	bfs:BF9343_1096
Q5LG62	bfs:BF9343_1098
Q5LG57	bfs:BF9343_1103
Q5LG56	bfs:BF9343_1104
Q5LG55	bfs:BF9343_1105
Q5LG54	bfs:BF9343_1106
D1JJS5	bfs:BF9343_1111
Q5LG46	bfs:BF9343_1114
Q5LG45	bfs:BF9343_1115
Q5LG41	bfs:BF9343_1119
Q5LG37	bfs:BF9343_1123
Q5LG30	bfs:BF9343_1130
Q5LG26	bfs:BF9343_1134
Q5LG25	bfs:BF9343_1135
Q5LG24	bfs:BF9343_1136
Q5LG12	bfs:BF9343_1148
Q5LG08	bfs:BF9343_1152
Q5LG07	bfs:BF9343_1153
A0A0K6BSL6	bfs:BF9343_1154
Q5LG05	bfs:BF9343_1155
Q5LG04	bfs:BF9343_1156
Q5LFV1	bfs:BF9343_1211
Q5LFU9	bfs:BF9343_1213
Q5LFU8	bfs:BF9343_1214
Q5LFU2	bfs:BF9343_1220
A0A380YWP3	bfs:BF9343_1224
Q5LFT7	bfs:BF9343_1225
Q5LFT3	bfs:BF9343_1229
Q5LFT2	bfs:BF9343_1230
Q5LFT1	bfs:BF9343_1231
Q5LFT0	bfs:BF9343_1232
Q5LFS7	bfs:BF9343_1235
Q5LFS5	bfs:BF9343_1237
A0A380YW75	bfs:BF9343_1240
Q5LFS0	bfs:BF9343_1242
Q5LFR8	bfs:BF9343_1244
Q5LFR6	bfs:BF9343_1246
Q5LFR5	bfs:BF9343_1247
Q5LFR4	bfs:BF9343_1248
Q5LFR1	bfs:BF9343_1251
Q5LFR0	bfs:BF9343_1252
Q5LFQ9	bfs:BF9343_1253
Q5LFQ7	bfs:BF9343_1255
Q5LFQ6	bfs:BF9343_1256
Q5LFQ3	bfs:BF9343_1259
Q5LFP4	bfs:BF9343_1268
Q5LFP3	bfs:BF9343_1269
Q5LFP2	bfs:BF9343_1270
Q5LFP0	bfs:BF9343_1272
Q5LFN9	bfs:BF9343_1273
Q5LFN4	bfs:BF9343_1278
Q5LFN3	bfs:BF9343_1279
Q5LFM4	bfs:BF9343_1288
A0A380YWC3	bfs:BF9343_1296
Q5LFL3	bfs:BF9343_1299
Q5LFL1	bfs:BF9343_1301
Q5LFL0	bfs:BF9343_1302
Q5LFK9	bfs:BF9343_1303
Q5LFK8	bfs:BF9343_1304
Q5LFK6	bfs:BF9343_1306
Q5LFK5	bfs:BF9343_1307
Q5LFK4	bfs:BF9343_1308
Q5LFK1	bfs:BF9343_1311
Q5LFJ8	bfs:BF9343_1314
Q5LFJ6	bfs:BF9343_1316
Q5LFJ5	bfs:BF9343_1317
Q5LFI9	bfs:BF9343_1324
Q5LFI8	bfs:BF9343_1325
Q5LFI4	bfs:BF9343_1329
Q5LFI3	bfs:BF9343_1330
Q5LFI2	bfs:BF9343_1331
Q5LFH8	bfs:BF9343_1335
Q5LFH1	bfs:BF9343_1342
Q5LFG4	bfs:BF9343_1349
Q5LFG0	bfs:BF9343_1353
Q5LFF7	bfs:BF9343_1356
Q5LFF5	bfs:BF9343_1358
Q5LFE8	bfs:BF9343_1365
A0A0K6BRZ6	bfs:BF9343_1366
A0A0K6BRY6	bfs:BF9343_1369
A0A380YX30	bfs:BF9343_1370
Q5LFD8	bfs:BF9343_1377
Q5LF27	bfs:BF9343_1490
Q5LF18	bfs:BF9343_1500
Q5LF07	bfs:BF9343_1511
Q5LF06	bfs:BF9343_1512
Q5LF01	bfs:BF9343_1517
Q5LF00	bfs:BF9343_1518
Q5LEZ4	bfs:BF9343_1524
Q5LEZ1	bfs:BF9343_1527
Q5LEY4	bfs:BF9343_1534
Q5LEX3	bfs:BF9343_1545
Q5LEW9	bfs:BF9343_1549
Q5LEW8	bfs:BF9343_1550
Q5LEW7	bfs:BF9343_1551
Q5LEW4	bfs:BF9343_1555
Q5LEV7	bfs:BF9343_1562
Q5LEV6	bfs:BF9343_1563
Q5LEV3	bfs:BF9343_1566
Q5LEV1	bfs:BF9343_1568
Q5LEV0	bfs:BF9343_1569
Q5LEU7	bfs:BF9343_1572
Q5LEU6	bfs:BF9343_1573
Q5LEU4	bfs:BF9343_1575
Q5LEU2	bfs:BF9343_1577
Q5LEU0	bfs:BF9343_1579
Q5LET8	bfs:BF9343_1581
Q5LET6	bfs:BF9343_1583
Q5LET4	bfs:BF9343_1585
Q5LET2	bfs:BF9343_1587
Q5LET1	bfs:BF9343_1588
Q5LET0	bfs:BF9343_1589
Q5LES7	bfs:BF9343_1592
Q5LES6	bfs:BF9343_1593
Q5LES1	bfs:BF9343_1598
Q5LER3	bfs:BF9343_1606
Q5LER1	bfs:BF9343_1608
Q5LER0	bfs:BF9343_1609
Q5LEQ9	bfs:BF9343_1610
A0A380YX95	bfs:BF9343_1611
Q5LEQ7	bfs:BF9343_1612
Q5LEQ6	bfs:BF9343_1613
Q5LEQ4	bfs:BF9343_1615
Q5LEQ3	bfs:BF9343_1616
Q5LEQ1	bfs:BF9343_1618
Q5LEQ0	bfs:BF9343_1619
Q5LEP9	bfs:BF9343_1620
Q5LEP8	bfs:BF9343_1621
Q5LEN9	bfs:BF9343_1630
Q5LEN8	bfs:BF9343_1631
Q5LED4	bfs:BF9343_1736
Q5LED2	bfs:BF9343_1738
A0A380Z0G4	bfs:BF9343_1739
Q5LED0	bfs:BF9343_1740
Q5LEC3	bfs:BF9343_1747
Q5LE81	bfs:BF9343_1790
Q5LE79	bfs:BF9343_1792
Q5LE75	bfs:BF9343_1796
Q5LE74	bfs:BF9343_1797
Q5LE73	bfs:BF9343_1798
Q5LE72	bfs:BF9343_1799
Q5LE66	bfs:BF9343_1805
Q5LE63	bfs:BF9343_1808
Q5LE62	bfs:BF9343_1809
Q5LE61	bfs:BF9343_1810
Q5LE41	bfs:BF9343_1830
Q5LE39	bfs:BF9343_1832
Q5LE38	bfs:BF9343_1834
Q5LE36	bfs:BF9343_1836
Q5LE34	bfs:BF9343_1838
Q5LE32	bfs:BF9343_1840
Q5LE29	bfs:BF9343_1843
Q5LE23	bfs:BF9343_1849
Q5LE22	bfs:BF9343_1850
Q5LE21	bfs:BF9343_1851
Q5LE18	bfs:BF9343_1854
Q5LE17	bfs:BF9343_1855
Q5LE15	bfs:BF9343_1857
Q5LE11	bfs:BF9343_1861
Q5LE02	bfs:BF9343_1870
Q5LE01	bfs:BF9343_1871
Q5LDZ9	bfs:BF9343_1873
Q5LDZ8	bfs:BF9343_1874
Q3V7G2	bfs:BF9343_1875
Q5LDZ7	bfs:BF9343_1876
Q5LDZ6	bfs:BF9343_1877
Q5LDZ5	bfs:BF9343_1878
Q5LDZ0	bfs:BF9343_1883
A0A380YZW5	bfs:BF9343_1884
A0A380YY73	bfs:BF9343_1890
A0A380YZX6	bfs:BF9343_1893
Q5LDV2	bfs:BF9343_1922
Q5LDU2	bfs:BF9343_1932
Q5LDT9	bfs:BF9343_1935
A0A149NBF3	bfs:BF9343_1936
A0A380Z0E1	bfs:BF9343_1938
Q5LDT2	bfs:BF9343_1942
Q5LDT1	bfs:BF9343_1943
Q5LDR6	bfs:BF9343_1960
Q5LDR1	bfs:BF9343_1965
Q5LDR0	bfs:BF9343_1966
Q5LDQ7	bfs:BF9343_1969
Q5LDQ6	bfs:BF9343_1970
Q5LDQ2	bfs:BF9343_1975
Q5LDP5	bfs:BF9343_1982
Q5LDP4	bfs:BF9343_1983
Q5LDP3	bfs:BF9343_1984
Q5LDP2	bfs:BF9343_1985
Q5LDN3	bfs:BF9343_1994
Q5LDM9	bfs:BF9343_1998
Q5LDM6	bfs:BF9343_2001
Q5LDM4	bfs:BF9343_2003
Q5LDM1	bfs:BF9343_2007
Q5LDM0	bfs:BF9343_2008
Q5LDL3	bfs:BF9343_2015
Q5LDL0	bfs:BF9343_2018
Q5LDK9	bfs:BF9343_2019
Q5LDK8	bfs:BF9343_2020
Q5LDK7	bfs:BF9343_2021
Q5LDK5	bfs:BF9343_2023
Q5LDI5	bfs:BF9343_2044
Q5LDH6	bfs:BF9343_2053
A0A380Z0N2	bfs:BF9343_2055
D1JML5	bfs:BF9343_2068
Q5LDG0	bfs:BF9343_2069
Q5LDF1	bfs:BF9343_2078
Q5LDF0	bfs:BF9343_2079
Q5LDE8	bfs:BF9343_2081
A0A380YZ71	bfs:BF9343_2083
Q5LDE1	bfs:BF9343_2088
Q5LDD9	bfs:BF9343_2090
Q5LDD7	bfs:BF9343_2092
Q5LDD6	bfs:BF9343_2093
Q5LDD5	bfs:BF9343_2094
Q5LDD3	bfs:BF9343_2096
Q5LDC6	bfs:BF9343_2103
Q5LDC3	bfs:BF9343_2106
Q5LDC0	bfs:BF9343_2109
Q5LDB8	bfs:BF9343_2111
Q5LDB7	bfs:BF9343_2112
Q5LDB6	bfs:BF9343_2113
Q5LD96	bfs:BF9343_2133
Q5LD93	bfs:BF9343_2136
Q5LD92	bfs:BF9343_2137
Q5LD91	bfs:BF9343_2138
Q5LD89	bfs:BF9343_2140
Q5LD88	bfs:BF9343_2141
Q5LD87	bfs:BF9343_2142
Q5LD86	bfs:BF9343_2143
Q5LD84	bfs:BF9343_2145
Q5LD82	bfs:BF9343_2147
Q5LD81	bfs:BF9343_2148
Q5LD79	bfs:BF9343_2150
A0A380YZF4	bfs:BF9343_2152
Q5LD73	bfs:BF9343_2156
Q5LD71	bfs:BF9343_2158
Q5LD69	bfs:BF9343_2160
A0A149NLR7	bfs:BF9343_2162
Q5LD66	bfs:BF9343_2163
Q5LD64	bfs:BF9343_2165
Q5LD60	bfs:BF9343_2169
Q5LD59	bfs:BF9343_2170
Q5LD58	bfs:BF9343_2171
Q5LD57	bfs:BF9343_2172
Q5LD56	bfs:BF9343_2173
Q5LD55	bfs:BF9343_2174
Q5LD54	bfs:BF9343_2175
Q5LD42	bfs:BF9343_2187
Q5LD41	bfs:BF9343_2188
Q5LD35	bfs:BF9343_2195
Q5LCY3	bfs:BF9343_2249
Q5LCY0	bfs:BF9343_2252
Q5LCX8	bfs:BF9343_2254
Q5LCX0	bfs:BF9343_2262
Q5LCW5	bfs:BF9343_2267
Q5LCW1	bfs:BF9343_2271
Q5LCV8	bfs:BF9343_2274
Q5LCV7	bfs:BF9343_2275
Q5LCV6	bfs:BF9343_2276
Q5LCV5	bfs:BF9343_2277
Q5LCV4	bfs:BF9343_2278
Q5LCV2	bfs:BF9343_2280
Q5LCU8	bfs:BF9343_2284
Q5LCU6	bfs:BF9343_2286
Q5LCU4	bfs:BF9343_2288
Q5LCU3	bfs:BF9343_2289
Q5LCU1	bfs:BF9343_2291
Q5LCU0	bfs:BF9343_2292
Q5LCT9	bfs:BF9343_2293
Q5LCT8	bfs:BF9343_2294
A0A380YZ95	bfs:BF9343_2297
Q5LCT0	bfs:BF9343_2302
Q5LCS7	bfs:BF9343_2305
Q5LCS4	bfs:BF9343_2308
Q5LCS3	bfs:BF9343_2309
Q5LCL9	bfs:BF9343_2364
Q5LCL6	bfs:BF9343_2368
Q5LCL5	bfs:BF9343_2369
Q5LCL4	bfs:BF9343_2370
Q5LCL3	bfs:BF9343_2371
Q5LCK6	bfs:BF9343_2378
Q5LCK4	bfs:BF9343_2380
Q5LCK1	bfs:BF9343_2383
Q5LCJ8	bfs:BF9343_2386
Q5LCJ7	bfs:BF9343_2387
Q5LCJ6	bfs:BF9343_2388
Q5LCJ1	bfs:BF9343_2393
Q5LCI6	bfs:BF9343_2398
Q5LCI5	bfs:BF9343_2399
Q5LCI2	bfs:BF9343_2402
Q5LCI0	bfs:BF9343_2404
Q5LCH9	bfs:BF9343_2405
Q5LCH6	bfs:BF9343_2408
Q5LCH3	bfs:BF9343_2411
Q5LCH2	bfs:BF9343_2412
Q5LCH0	bfs:BF9343_2414
Q5LCG9	bfs:BF9343_2415
Q5LCG4	bfs:BF9343_2420
Q5LCG3	bfs:BF9343_2421
Q5LCG1	bfs:BF9343_2423
Q5LCG0	bfs:BF9343_2424
Q5LCF9	bfs:BF9343_2425
Q5LCF8	bfs:BF9343_2426
Q5LCF7	bfs:BF9343_2427
Q5LCF5	bfs:BF9343_2429
Q5LCF3	bfs:BF9343_2431
Q5LCF1	bfs:BF9343_2433
Q5LCE6	bfs:BF9343_2438
Q5LCE1	bfs:BF9343_2443
Q5LCC9	bfs:BF9343_2455
Q5LCC7	bfs:BF9343_2457
Q5LCC1	bfs:BF9343_2463
Q5LCC0	bfs:BF9343_2464
Q5LCB4	bfs:BF9343_2470
Q5LCB0	bfs:BF9343_2474
Q5LCA8	bfs:BF9343_2476
Q5LCA6	bfs:BF9343_2478
A0A380Z2I8	bfs:BF9343_2480
Q5LCA3	bfs:BF9343_2481
Q5LCA1	bfs:BF9343_2483
Q5LCA0	bfs:BF9343_2484
Q5LC99	bfs:BF9343_2485
Q5LC98	bfs:BF9343_2486
Q5LC97	bfs:BF9343_2487
Q5LC96	bfs:BF9343_2488
Q5LC95	bfs:BF9343_2489
Q5LC86	bfs:BF9343_2499
Q5LC85	bfs:BF9343_2500
Q5LC84	bfs:BF9343_2501
Q5LC81	bfs:BF9343_2504
Q5LC80	bfs:BF9343_2505
Q5LC79	bfs:BF9343_2506
Q5LC78	bfs:BF9343_2507
Q5LC76	bfs:BF9343_2509
Q5LC53	bfs:BF9343_2532
Q5LC51	bfs:BF9343_2534
Q5LC49	bfs:BF9343_2536
Q5LC48	bfs:BF9343_2537
Q5LC47	bfs:BF9343_2538
Q5LC45	bfs:BF9343_2540
Q5LC42	bfs:BF9343_2543
Q5LC41	bfs:BF9343_2544
Q5LC40	bfs:BF9343_2545
Q5LC38	bfs:BF9343_2547
Q5LC36	bfs:BF9343_2549
Q5LC35	bfs:BF9343_2550
Q5LC34	bfs:BF9343_2551
Q5LC33	bfs:BF9343_2552
Q5LC32	bfs:BF9343_2553
Q5LC30	bfs:BF9343_2555
Q5LC29	bfs:BF9343_2556
Q5LC28	bfs:BF9343_2557
Q5LC27	bfs:BF9343_2558
Q5LC25	bfs:BF9343_2560
Q5LC24	bfs:BF9343_2561
Q5LC21	bfs:BF9343_2565
A0A381D7U5	bfs:BF9343_2570
A0A0K6BV13	bfs:BF9343_2580
Q5LC05	bfs:BF9343_2582
Q5LC02	bfs:BF9343_2585
Q5LC00	bfs:BF9343_2587
Q5LBZ9	bfs:BF9343_2588
Q5LBZ8	bfs:BF9343_2589
Q5LBZ7	bfs:BF9343_2590
Q5LBZ4	bfs:BF9343_2593
Q5LBZ2	bfs:BF9343_2595
Q5LBY9	bfs:BF9343_2598
Q5LBY7	bfs:BF9343_2600
A0A149N4T2	bfs:BF9343_2601
Q5LBY5	bfs:BF9343_2602
Q5LBY1	bfs:BF9343_2606
Q5LBY0	bfs:BF9343_2607
Q5LBX8	bfs:BF9343_2609
Q5LBX6	bfs:BF9343_2611
A0A381D6J3	bfs:BF9343_2612
Q5LBX1	bfs:BF9343_2616
Q5LBW2	bfs:BF9343_2625
Q5LBW1	bfs:BF9343_2626
Q5LBV9	bfs:BF9343_2628
Q5LBV6	bfs:BF9343_2631
Q5LBV5	bfs:BF9343_2632
Q5LBV1	bfs:BF9343_2636
Q5LBV0	bfs:BF9343_2637
Q5LBU2	bfs:BF9343_2645
Q5LBU1	bfs:BF9343_2646
Q5LBT8	bfs:BF9343_2649
Q5LBT2	bfs:BF9343_2655
Q5LBS7	bfs:BF9343_2660
Q5LBS6	bfs:BF9343_2661
Q5LBS5	bfs:BF9343_2662
Q5LBS3	bfs:BF9343_2664
Q5LBS1	bfs:BF9343_2666
Q5LBS0	bfs:BF9343_2667
Q5LBR9	bfs:BF9343_2668
Q5LBR8	bfs:BF9343_2669
Q5LBR5	bfs:BF9343_2672
Q5LBR2	bfs:BF9343_2675
Q5LBQ6	bfs:BF9343_2681
Q5LBQ5	bfs:BF9343_2682
Q5LBQ4	bfs:BF9343_2683
Q5LBQ3	bfs:BF9343_2684
Q5LBQ2	bfs:BF9343_2685
Q5LBP9	bfs:BF9343_2688
Q5LBP8	bfs:BF9343_2689
Q5LBP6	bfs:BF9343_2691
Q5LBP5	bfs:BF9343_2692
Q5LBP2	bfs:BF9343_2695
Q5LBN9	bfs:BF9343_2698
Q5LBN8	bfs:BF9343_2699
Q5LBL3	bfs:BF9343_2725
Q5LBL2	bfs:BF9343_2726
Q5LBK9	bfs:BF9343_2729
Q5LBK6	bfs:BF9343_2732
Q5LBK1	bfs:BF9343_2737
Q5LBJ8	bfs:BF9343_2740
Q5LBJ7	bfs:BF9343_2741
Q5LBJ5	bfs:BF9343_2743
Q5LBJ3	bfs:BF9343_2745
Q5LBJ2	bfs:BF9343_2746
Q5LBI4	bfs:BF9343_2755
Q5LBI3	bfs:BF9343_2756
Q5LBI2	bfs:BF9343_2757
Q5LBH8	bfs:BF9343_2761
Q5LBH7	bfs:BF9343_2762
Q5LBH5	bfs:BF9343_2764
Q5LBH3	bfs:BF9343_2766
Q5LBH1	bfs:BF9343_2768
Q5LBH0	bfs:BF9343_2769
Q5LBG9	bfs:BF9343_2770
Q5LBG6	bfs:BF9343_2773
Q5LBG3	bfs:BF9343_2776
Q5LBG2	bfs:BF9343_2777
Q5LBG1	bfs:BF9343_2778
Q5LBF9	bfs:BF9343_2780
A0A380YUT8	bfs:BF9343_2784
Q5LBF0	bfs:BF9343_2789
Q5LBE8	bfs:BF9343_2791
D1JTF1	bfs:BF9343_2796
Q5LBE2	bfs:BF9343_2797
Q5LBE0	bfs:BF9343_2799
Q5LBD9	bfs:BF9343_2800
Q5LBD8	bfs:BF9343_2801
Q5LBD1	bfs:BF9343_2808
Q5LBC0	bfs:BF9343_2819
Q5LBB3	bfs:BF9343_2826
Q5LBB1	bfs:BF9343_2829
Q5LBA9	bfs:BF9343_2832
Q5LBA5	bfs:BF9343_2836
Q5LBA4	bfs:BF9343_2837
Q5LB95	bfs:BF9343_2846
Q5LB94	bfs:BF9343_2847
Q5LB93	bfs:BF9343_2848
Q5LB89	bfs:BF9343_2852
Q5LB86	bfs:BF9343_2855
Q5LB85	bfs:BF9343_2856
Q5LB83	bfs:BF9343_2858
Q5LB79	bfs:BF9343_2862
Q5LB78	bfs:BF9343_2863
Q5LB77	bfs:BF9343_2864
Q5LB76	bfs:BF9343_2865
Q5LB75	bfs:BF9343_2866
Q5LB74	bfs:BF9343_2867
Q5LB68	bfs:BF9343_2873
Q5LB67	bfs:BF9343_2874
Q5LB66	bfs:BF9343_2875
Q5LB65	bfs:BF9343_2876
Q5LB64	bfs:BF9343_2877
Q5LB63	bfs:BF9343_2878
Q5LB62	bfs:BF9343_2879
Q5LB60	bfs:BF9343_2881
A0A380YP83	bfs:BF9343_2882
Q5LB58	bfs:BF9343_2883
Q5LB56	bfs:BF9343_2885
Q5LB53	bfs:BF9343_2888
Q5LB40	bfs:BF9343_2901
Q5LB38	bfs:BF9343_2903
Q5LB29	bfs:BF9343_2912
A0A371AAE3	bfs:BF9343_2915
Q5LB25	bfs:BF9343_2916
Q5LEF7	bfs:BF9343_1713
Q5LB19	bfs:BF9343_2922
Q5LB17	bfs:BF9343_2924
Q5LB15	bfs:BF9343_2926
Q5LB12	bfs:BF9343_2929
Q5LB07	bfs:BF9343_2934
A0A380YV80	bfs:BF9343_2939
Q5LB01	bfs:BF9343_2940
Q5LB00	bfs:BF9343_2941
Q5LAZ7	bfs:BF9343_2944
Q5LAZ5	bfs:BF9343_2946
Q5LAZ3	bfs:BF9343_2948
Q5LAZ2	bfs:BF9343_2949
Q5LAZ0	bfs:BF9343_2951
Q5LAY4	bfs:BF9343_2957
Q5LAY3	bfs:BF9343_2958
Q5LAY0	bfs:BF9343_2961
Q5LAX7	bfs:BF9343_2964
Q5LAX2	bfs:BF9343_2970
Q5LAX1	bfs:BF9343_2971
A0A380YNN2	bfs:BF9343_2974
A0A380YRU8	bfs:BF9343_2976
Q5LAW5	bfs:BF9343_2977
Q5LAW4	bfs:BF9343_2978
Q5LAW3	bfs:BF9343_2979
Q5LAV6	bfs:BF9343_2986
Q5LAV5	bfs:BF9343_2987
Q5LAV0	bfs:BF9343_2992
Q5LAU7	bfs:BF9343_2995
A0A380YRW6	bfs:BF9343_2997
Q5LAU1	bfs:BF9343_3001
Q5LAT7	bfs:BF9343_3005
Q5LAT4	bfs:BF9343_3008
Q5LAS7	bfs:BF9343_3015
Q5LAS4	bfs:BF9343_3018
Q5LAS2	bfs:BF9343_3020
Q5LAS1	bfs:BF9343_3021
A0A380YNT6	bfs:BF9343_3024
Q5LAR6	bfs:BF9343_3026
Q5LAQ9	bfs:BF9343_3033
Q5LAQ1	bfs:BF9343_3041
Q5LAP8	bfs:BF9343_3044
Q5LAP7	bfs:BF9343_3045
Q5LAN8	bfs:BF9343_3054
Q5LAN2	bfs:BF9343_3060
Q5LAN1	bfs:BF9343_3061
Q5LAM6	bfs:BF9343_3066
Q5LAM3	bfs:BF9343_3069
Q5LAL0	bfs:BF9343_3082
A0A380YNZ8	bfs:BF9343_3085
Q5LAK3	bfs:BF9343_3089
Q5LAK2	bfs:BF9343_3090
Q5LAJ9	bfs:BF9343_3093
A0A380YRE2	bfs:BF9343_3094
Q5LAJ6	bfs:BF9343_3096
Q5LAJ4	bfs:BF9343_3098
Q5LAI7	bfs:BF9343_3105
Q5LAI4	bfs:BF9343_3108
Q5LAI3	bfs:BF9343_3109
Q5LAI2	bfs:BF9343_3110
Q5LAH6	bfs:BF9343_3116
Q5LAH4	bfs:BF9343_3118
Q5LAH2	bfs:BF9343_3120
Q5LAH1	bfs:BF9343_3121
Q5LAG5	bfs:BF9343_3127
Q5LAG4	bfs:BF9343_3128
Q5LAG2	bfs:BF9343_3130
Q5LAG0	bfs:BF9343_3132
Q5LAF6	bfs:BF9343_3136
Q5LAF5	bfs:BF9343_3137
Q5LAF2	bfs:BF9343_3140
Q5LAE7	bfs:BF9343_3145
Q5LAE5	bfs:BF9343_3147
Q5LAD9	bfs:BF9343_3153
Q5LAD7	bfs:BF9343_3155
Q5LAD5	bfs:BF9343_3157
Q5LAD4	bfs:BF9343_3158
Q5LAD2	bfs:BF9343_3160
Q5LAD0	bfs:BF9343_3162
Q5LAC0	bfs:BF9343_3172
Q5LAB7	bfs:BF9343_3175
Q5LAB5	bfs:BF9343_3177
Q5LAB4	bfs:BF9343_3178
Q5LAB2	bfs:BF9343_3180
Q5LAB0	bfs:BF9343_3182
Q5LA80	bfs:BF9343_3213
Q5LA73	bfs:BF9343_3220
Q5LA72	bfs:BF9343_3221
Q5LA68	bfs:BF9343_3225
Q5LA66	bfs:BF9343_3227
Q5LA62	bfs:BF9343_3231
Q5LA57	bfs:BF9343_3236
Q5LA44	bfs:BF9343_3249
Q5LA43	bfs:BF9343_3250
Q5LA42	bfs:BF9343_3251
Q5LA41	bfs:BF9343_3252
Q5LA38	bfs:BF9343_3255
Q5LA37	bfs:BF9343_3256
Q5LA31	bfs:BF9343_3262
Q5LA26	bfs:BF9343_3267
Q5LA22	bfs:BF9343_3272
Q5LA19	bfs:BF9343_3275
Q5LA10	bfs:BF9343_3284
Q5LA05	bfs:BF9343_3290
Q5LA04	bfs:BF9343_3291
Q5LA03	bfs:BF9343_3292
Q5LA01	bfs:BF9343_3294
Q5LA00	bfs:BF9343_3295
Q5L9Z9	bfs:BF9343_3296
Q5L9Z5	bfs:BF9343_3300
Q5L9Z4	bfs:BF9343_3301
Q5L9Z1	bfs:BF9343_3304
Q5L9Y9	bfs:BF9343_3306
Q5L9Y8	bfs:BF9343_3307
Q5L9Y7	bfs:BF9343_3308
Q5L9Y6	bfs:BF9343_3309
Q5L9Y5	bfs:BF9343_3310
Q5L9Y0	bfs:BF9343_3315
Q5L9X9	bfs:BF9343_3316
Q5L9X7	bfs:BF9343_3318
Q5L9X1	bfs:BF9343_3324
A0A371A424	bfs:BF9343_3334
Q5L9V3	bfs:BF9343_3342
Q5L9V0	bfs:BF9343_3345
Q5L9U9	bfs:BF9343_3347
Q5L9U7	bfs:BF9343_3349
Q5L9S1	bfs:BF9343_3375
Q5L9R5	bfs:BF9343_3381
Q5L9R3	bfs:BF9343_3383
Q5L9Q8	bfs:BF9343_3388
Q5L9Q7	bfs:BF9343_3389
Q5L9Q6	bfs:BF9343_3390
Q5L9Q3	bfs:BF9343_3393
Q5L9Q2	bfs:BF9343_3394
Q5L9P3	bfs:BF9343_3403
Q5L9P2	bfs:BF9343_3404
Q5L9N9	bfs:BF9343_3407
Q5L9N5	bfs:BF9343_3411
Q5L9N4	bfs:BF9343_3412
Q5L9N3	bfs:BF9343_3413
Q5L9N1	bfs:BF9343_3415
Q5L9N0	bfs:BF9343_3416
Q5L9M7	bfs:BF9343_3419
Q5L9M6	bfs:BF9343_3420
Q5L9L9	bfs:BF9343_3427
Q5L9L8	bfs:BF9343_3428
Q5L9L7	bfs:BF9343_3429
Q5L9L4	bfs:BF9343_3432
Q5L9L1	bfs:BF9343_3435
Q5L9L0	bfs:BF9343_3436
Q5L9K9	bfs:BF9343_3437
Q5L9K5	bfs:BF9343_3441
Q5L9K2	bfs:BF9343_3444
Q5L9K1	bfs:BF9343_3445
Q5L9J8	bfs:BF9343_3448
Q5L9J2	bfs:BF9343_3454
Q5L9J0	bfs:BF9343_3456
Q5L9I9	bfs:BF9343_3457
Q5L9I1	bfs:BF9343_3465
Q5L9I0	bfs:BF9343_3466
Q5L9H8	bfs:BF9343_3468
Q5L9G9	bfs:BF9343_3477
Q5L9G7	bfs:BF9343_3479
Q5L9G0	bfs:BF9343_3486
Q5L9F9	bfs:BF9343_3487
Q5L9F7	bfs:BF9343_3490
Q5L9F4	bfs:BF9343_3493
Q5L9F3	bfs:BF9343_3494
Q5L9F2	bfs:BF9343_3495
Q5L9E9	bfs:BF9343_3498
Q5L9E5	bfs:BF9343_3502
Q5L9E3	bfs:BF9343_3504
Q5L9E0	bfs:BF9343_3507
Q5L9D7	bfs:BF9343_3510
Q5L9D3	bfs:BF9343_3514
Q5L9D2	bfs:BF9343_3515
Q5L9C5	bfs:BF9343_3522
Q5L9C3	bfs:BF9343_3524
A0A0K6BY65	bfs:BF9343_3526
Q5L9B8	bfs:BF9343_3529
Q5L9B7	bfs:BF9343_3530
Q5L9B6	bfs:BF9343_3531
Q5L9B4	bfs:BF9343_3533
Q5L9B2	bfs:BF9343_3535
Q5L9A6	bfs:BF9343_3541
Q5L9A5	bfs:BF9343_3542
Q5L9A4	bfs:BF9343_3543
Q5L9A2	bfs:BF9343_3546
Q5L993	bfs:BF9343_3556
Q5L989	bfs:BF9343_3560
Q5L980	bfs:BF9343_3569
Q5L978	bfs:BF9343_3571
Q5L972	bfs:BF9343_3577
A0A380YR95	bfs:BF9343_3601
Q5L945	bfs:BF9343_3606
Q5L938	bfs:BF9343_3613
Q5L936	bfs:BF9343_3615
Q5L935	bfs:BF9343_3616
Q5L934	bfs:BF9343_3617
Q5L926	bfs:BF9343_3625
Q5L925	bfs:BF9343_3626
Q5L924	bfs:BF9343_3627
Q5L923	bfs:BF9343_3628
Q5L921	bfs:BF9343_3630
Q5L916	bfs:BF9343_3635
Q5L915	bfs:BF9343_3636
Q5L913	bfs:BF9343_3638
Q5L912	bfs:BF9343_3639
Q5L911	bfs:BF9343_3640
Q5L7P5	bfs:BF9343_4124
Q5L7Q1	bfs:BF9343_4118
A0A380YUF2	bfs:BF9343_4117
Q5L7Q4	bfs:BF9343_4115
Q5L7Q5	bfs:BF9343_4114
Q5L7Q6	bfs:BF9343_4113
Q5L7Q7	bfs:BF9343_4112
Q5L7R2	bfs:BF9343_4107
Q5L7R7	bfs:BF9343_4101
Q5L7S4	bfs:BF9343_4094
Q5L7T9	bfs:BF9343_4079
Q5L7U1	bfs:BF9343_4077
Q5L7V0	bfs:BF9343_4068
A0A380YSC1	bfs:BF9343_4065
Q5L7V9	bfs:BF9343_4059
Q5L7W4	bfs:BF9343_4054
Q5L7W5	bfs:BF9343_4053
Q5L7W6	bfs:BF9343_4052
A0A380YSI6	bfs:BF9343_4050
Q5L7X4	bfs:BF9343_4044
Q5L7X7	bfs:BF9343_4041
A0A149NMK2	bfs:BF9343_4040
Q5L7Y2	bfs:BF9343_4036
Q5L7Y3	bfs:BF9343_4035
Q5L7Y4	bfs:BF9343_4034
A0A380YU49	bfs:BF9343_4032
Q5L7Y8	bfs:BF9343_4030
Q5L7Z0	bfs:BF9343_4028
Q5L7Z5	bfs:BF9343_4023
Q5L7Z7	bfs:BF9343_4021
Q5L7Z8	bfs:BF9343_4020
Q5L7Z9	bfs:BF9343_4019
Q5L800	bfs:BF9343_4018
Q5L801	bfs:BF9343_4017
Q5L802	bfs:BF9343_4016
Q5L814	bfs:BF9343_4002
Q5L841	bfs:BF9343_3975
Q5L874	bfs:BF9343_3933
Q5L876	bfs:BF9343_3931
Q5L878	bfs:BF9343_3929
Q5L881	bfs:BF9343_3926
Q5L882	bfs:BF9343_3925
Q5L883	bfs:BF9343_3924
Q5L885	bfs:BF9343_3922
Q5L893	bfs:BF9343_3914
Q5L897	bfs:BF9343_3910
Q5L898	bfs:BF9343_3909
A0A380YS39	bfs:BF9343_3907
Q5L8A1	bfs:BF9343_3906
Q5L8A2	bfs:BF9343_3905
Q5L8A4	bfs:BF9343_3903
Q5L8A6	bfs:BF9343_3901
Q5L8A7	bfs:BF9343_3900
Q5L8B1	bfs:BF9343_3896
Q5L8B2	bfs:BF9343_3895
Q5L8B6	bfs:BF9343_3891
Q5L8C0	bfs:BF9343_3887
Q5L8C1	bfs:BF9343_3886
Q5L8C2	bfs:BF9343_3885
Q5L8C4	bfs:BF9343_3883
Q5L8C5	bfs:BF9343_3882
Q5L8C6	bfs:BF9343_3881
Q5L8D0	bfs:BF9343_3877
Q5L8D5	bfs:BF9343_3872
Q5L8D7	bfs:BF9343_3870
Q5L8D9	bfs:BF9343_3868
Q5L8E1	bfs:BF9343_3866
A0A380YRI9	bfs:BF9343_3865
Q5L8E5	bfs:BF9343_3862
Q5L8F1	bfs:BF9343_3856
Q5L8F9	bfs:BF9343_3847
Q5L906	bfs:BF9343_3645
Q5L905	bfs:BF9343_3646
Q5L903	bfs:BF9343_3648
Q5L902	bfs:BF9343_3649
Q5L900	bfs:BF9343_3651
Q5L8Z8	bfs:BF9343_3653
Q5L8Z7	bfs:BF9343_3654
Q5L8Z5	bfs:BF9343_3656
Q5L8Z3	bfs:BF9343_3658
Q5L8Z1	bfs:BF9343_3660
Q5L8Y6	bfs:BF9343_3665
Q5L8Y3	bfs:BF9343_3668
Q5L8Y1	bfs:BF9343_3670
Q5L8Y0	bfs:BF9343_3671
Q5L8X9	bfs:BF9343_3672
Q5L8W8	bfs:BF9343_3683
Q5L8W7	bfs:BF9343_3684
Q5L8W6	bfs:BF9343_3685
Q5L8W4	bfs:BF9343_3687
Q5L8W3	bfs:BF9343_3688
Q5L8W0	bfs:BF9343_3691
Q5L8V8	bfs:BF9343_3693
Q5L8V5	bfs:BF9343_3696
Q5L8U4	bfs:BF9343_3707
Q5L8U3	bfs:BF9343_3708
Q5L8U1	bfs:BF9343_3710
Q5L8M4	bfs:BF9343_3782
Q5L8L9	bfs:BF9343_3787
Q5L8L8	bfs:BF9343_3788
Q5L8L7	bfs:BF9343_3789
Q5L8L5	bfs:BF9343_3791
Q5L8L3	bfs:BF9343_3793
Q5L8L0	bfs:BF9343_3796
Q5L8K9	bfs:BF9343_3797
Q5L8K6	bfs:BF9343_3800
A0A370ZX88	bfs:BF9343_4199
Q5L7H4	bfs:BF9343_4197
Q5L7H6	bfs:BF9343_4195
Q5L7H7	bfs:BF9343_4194
Q5L7H8	bfs:BF9343_4193
Q5L7I1	bfs:BF9343_4190
Q5L7I3	bfs:BF9343_4188
Q5L7I9	bfs:BF9343_4182
Q5L7J7	bfs:BF9343_4174
Q5L7K3	bfs:BF9343_4168
Q5L7K5	bfs:BF9343_4166
Q5L7K8	bfs:BF9343_4163
Q5L7L0	bfs:BF9343_4160
Q5L7L2	bfs:BF9343_4157
Q5L7L7	bfs:BF9343_4152
Q5L7M0	bfs:BF9343_4149
Q5L7M3	bfs:BF9343_4146
Q5L7M4	bfs:BF9343_4145
Q5L7M9	bfs:BF9343_4140
Q5L7N5	bfs:BF9343_4134
Q5L7N6	bfs:BF9343_4133
Q5L7N9	bfs:BF9343_4130
Q5L7P2	bfs:BF9343_4127
Q5L8H2	bfs:BF9343_3834
Q5L8H0	bfs:BF9343_3836
Q5L8G7	bfs:BF9343_3839
Q5L8G6	bfs:BF9343_3840
Q5L8G5	bfs:BF9343_3841
Q5L8G4	bfs:BF9343_3842
Q5L8G3	bfs:BF9343_3843
Q5L8H7	bfs:BF9343_3829
Q5L8H8	bfs:BF9343_3828
Q5L8H9	bfs:BF9343_3827
Q5L8I1	bfs:BF9343_3825
Q5L8I2	bfs:BF9343_3824
Q5L8I3	bfs:BF9343_3823
Q5L8I5	bfs:BF9343_3821
Q5L8I8	bfs:BF9343_3818
Q5L8J3	bfs:BF9343_3813
Q5L8J4	bfs:BF9343_3812
Q5L8J5	bfs:BF9343_3811
Q5L8J7	bfs:BF9343_3809
Q5L8K2	bfs:BF9343_3804
Q5LEF3	bfs:BF9343_1717
A0A380YSX0	bfs:BF9343_3344
Q5LEN6	bfs:BF9343_1633
Q5LGH2	bfs:BF9343_0986
Q5LBT0	bfs:BF9343_2657
Q5LBU0	bfs:BF9343_2647
D1JPK9	bfs:BF9343_2634
Q5LBW6	bfs:BF9343_2621
Q5LBX3	bfs:BF9343_2614
Q5LBY2	bfs:BF9343_2605
Q5LBZ5	bfs:BF9343_2592
Q5LC03	bfs:BF9343_2584
Q5LC09	bfs:BF9343_2577
Q5LC31	bfs:BF9343_2554
Q5LC44	bfs:BF9343_2541
Q5LC46	bfs:BF9343_2539
Q5LC82	bfs:BF9343_2503
Q5LC83	bfs:BF9343_2502
Q5LC89	bfs:BF9343_2496
Q5LCA2	bfs:BF9343_2482
Q5LCA7	bfs:BF9343_2477
Q5LCB9	bfs:BF9343_2465
Q5LCD0	bfs:BF9343_2454
Q5LCD8	bfs:BF9343_2446
Q5LCD9	bfs:BF9343_2445
A0A149N638	bfs:BF9343_2435
Q5LCF0	bfs:BF9343_2434
Q5LCG2	bfs:BF9343_2422
Q5LCH4	bfs:BF9343_2410
Q5LCH7	bfs:BF9343_2407
Q5LCI3	bfs:BF9343_2401
Q5LCI4	bfs:BF9343_2400
Q5LCI7	bfs:BF9343_2397
A0A149N6I2	bfs:BF9343_2390
Q5LCL1	bfs:BF9343_2373
Q5LCM2	bfs:BF9343_2361
Q5LCN8	bfs:BF9343_2345
Q5LCP9	bfs:BF9343_2334
Q5LCR5	bfs:BF9343_2317
Q5LCS0	bfs:BF9343_2312
Q5LCS2	bfs:BF9343_2310
Q5LCS6	bfs:BF9343_2306
Q5LCT2	bfs:BF9343_2300
Q5LCT3	bfs:BF9343_2299
Q5LCV3	bfs:BF9343_2279
Q5LCW3	bfs:BF9343_2269
Q5LCX7	bfs:BF9343_2255
Q5LCX9	bfs:BF9343_2253
Q5LD39	bfs:BF9343_2191
Q5LD95	bfs:BF9343_2134
Q5LD99	bfs:BF9343_2130
Q5LDA0	bfs:BF9343_2129
Q5LDD0	bfs:BF9343_2099
Q5LDE0	bfs:BF9343_2089
A0A380YYJ8	bfs:BF9343_2085
Q5LDE5	bfs:BF9343_2084
A0A380Z0H6	bfs:BF9343_2082
Q5LDH0	bfs:BF9343_2059
Q5LDN5	bfs:BF9343_1992
Q5LDN9	bfs:BF9343_1988
Q5LDP7	bfs:BF9343_1980
Q5LDS2	bfs:BF9343_1953
Q5LDT3	bfs:BF9343_1941
Q5LDV3	bfs:BF9343_1921
Q5LDW8	bfs:BF9343_1906
Q5LDZ4	bfs:BF9343_1879
Q5LE05	bfs:BF9343_1867
A0A371ABD9	bfs:BF9343_1858
Q5LE20	bfs:BF9343_1852
Q5LE25	bfs:BF9343_1847
Q5LE64	bfs:BF9343_1807
Q5LE70	bfs:BF9343_1801
Q5LE76	bfs:BF9343_1795
Q5LE84	bfs:BF9343_1787
Q5LEC8	bfs:BF9343_1742
A0A380YZM5	bfs:BF9343_1726
Q5LEP0	bfs:BF9343_1629
Q5LEQ2	bfs:BF9343_1617
Q5LER7	bfs:BF9343_1602
Q5LER8	bfs:BF9343_1601
Q5LES2	bfs:BF9343_1597
A0A380YXM2	bfs:BF9343_1565
Q5LEW0	bfs:BF9343_1559
Q5LEW2	bfs:BF9343_1557
A0A380YX18	bfs:BF9343_1530
Q5LEZ8	bfs:BF9343_1520
Q5LF22	bfs:BF9343_1495
D1JKH5	bfs:BF9343_1373
Q5LFH6	bfs:BF9343_1337
Q5LFH7	bfs:BF9343_1336
Q5LFJ0	bfs:BF9343_1322
Q5LFJ1	bfs:BF9343_1321
Q5LFJ4	bfs:BF9343_1318
Q5LFK3	bfs:BF9343_1309
A0A0I9RZA6	bfs:BF9343_2223
Q5LD25	bfs:BF9343_2205
Q5LFM5	bfs:BF9343_1287
Q5LFS3	bfs:BF9343_1239
Q5LFT6	bfs:BF9343_1226
Q5LFU7	bfs:BF9343_1215
A0A380YVX4	bfs:BF9343_1144
Q5LG28	bfs:BF9343_1132
Q5LG31	bfs:BF9343_1129
D1JJS7	bfs:BF9343_1113
Q5LG73	bfs:BF9343_1087
Q5LG78	bfs:BF9343_1082
Q5LGF0	bfs:BF9343_1009
Q5LGH4	bfs:BF9343_0984
Q5LGL9	bfs:BF9343_0939
Q5LGN2	bfs:BF9343_0925
Q5LGP1	bfs:BF9343_0916
Q5LGQ6	bfs:BF9343_0900
Q5LGQ7	bfs:BF9343_0899
Q5LGT2	bfs:BF9343_0874
Q5LGT4	bfs:BF9343_0872
Q5LGT8	bfs:BF9343_0868
Q5LGU1	bfs:BF9343_0865
Q5LGU6	bfs:BF9343_0860
Q5LGX6	bfs:BF9343_0829
Q5LGZ4	bfs:BF9343_0811
Q5LH12	bfs:BF9343_0793
Q5LH25	bfs:BF9343_0780
Q5LH82	bfs:BF9343_0722
Q5LH83	bfs:BF9343_0721
Q5LHD1	bfs:BF9343_0670
Q5LHD6	bfs:BF9343_0665
Q5LHE5	bfs:BF9343_0656
A0A380YUK0	bfs:BF9343_0649
Q5LHG0	bfs:BF9343_0641
Q5LHG1	bfs:BF9343_0640
Q5LHH8	bfs:BF9343_0623
A0A380YUE6	bfs:BF9343_0614
Q5LHL3	bfs:BF9343_0588
Q5LHM9	bfs:BF9343_0572
Q5LHN0	bfs:BF9343_0571
Q5LHR8	bfs:BF9343_0533
Q5LHT0	bfs:BF9343_0521
Q5LHU8	bfs:BF9343_0503
Q5LHX4	bfs:BF9343_0477
Q5LHY0	bfs:BF9343_0471
A0A380YW23	bfs:BF9343_0465
Q5LHZ3	bfs:BF9343_0458
Q5LI11	bfs:BF9343_0438
Q5LI27	bfs:BF9343_0422
Q5LI32	bfs:BF9343_0417
Q5LI42	bfs:BF9343_0407
A0A380YVU6	bfs:BF9343_0385
Q5LI69	bfs:BF9343_0379
Q5LI70	bfs:BF9343_0378
Q5LI74	bfs:BF9343_0374
Q5LI94	bfs:BF9343_0353
Q5LI95	bfs:BF9343_0352
Q5LIA1	bfs:BF9343_0346
A0A381DAP3	bfs:BF9343_0329
Q5LII8	bfs:BF9343_0259
Q5LIJ2	bfs:BF9343_0255
Q5LIJ4	bfs:BF9343_0253
Q5LIM8	bfs:BF9343_0219
Q5LIQ4	bfs:BF9343_0193
A0A380YZM3	bfs:BF9343_0183
Q5LIR6	bfs:BF9343_0181
Q5LIS2	bfs:BF9343_0175
Q5LIT0	bfs:BF9343_0167
Q5LIT1	bfs:BF9343_0166
A0A380YV02	bfs:BF9343_0157
Q5LIZ3	bfs:BF9343_0104
A0A380YSZ3	bfs:BF9343_0100
Q5LJ02	bfs:BF9343_0095
Q5LJ07	bfs:BF9343_0090
Q5LJ16	bfs:BF9343_0081
Q5LJ30	bfs:BF9343_0067
Q5LJ72	bfs:BF9343_0025
Q5LJ74	bfs:BF9343_0023
D1JQ32	bfs:BF9343_4253
Q5L7D3	bfs:BF9343_4238
Q5L7E1	bfs:BF9343_4230
Q5L7F6	bfs:BF9343_4215
Q5L7G9	bfs:BF9343_4202
Q5L7H3	bfs:BF9343_4198
Q5L7I0	bfs:BF9343_4191
Q5L7I2	bfs:BF9343_4189
Q5L7J4	bfs:BF9343_4177
Q5LF89	bfs:BF9343_1428
Q5LFB7	bfs:BF9343_1400
Q5L7L5	bfs:BF9343_4154
Q5L7M2	bfs:BF9343_4147
A0A380YYR1	bfs:BF9343_4142
Q5L7N2	bfs:BF9343_4137
Q5L7N7	bfs:BF9343_4132
A0A380YV28	bfs:BF9343_4082
Q5L7U4	bfs:BF9343_4074
Q5L7V2	bfs:BF9343_4066
Q5L7W3	bfs:BF9343_4055
A0A149NMJ4	bfs:BF9343_4037
Q5L7Y5	bfs:BF9343_4033
Q5L835	bfs:BF9343_3981
Q5L8E4	bfs:BF9343_3863
Q5L8E6	bfs:BF9343_3861
Q5L8E9	bfs:BF9343_3858
Q5LA67	bfs:BF9343_3226
Q5LA64	bfs:BF9343_3229
Q5LA47	bfs:BF9343_3246
A0A380YQ86	bfs:BF9343_3271
Q5LA21	bfs:BF9343_3273
Q5LA16	bfs:BF9343_3278
Q5L9Z0	bfs:BF9343_3305
Q5L9Y1	bfs:BF9343_3314
A0A380YRT8	bfs:BF9343_3320
A0A380YQF3	bfs:BF9343_3336
Q5L9V2	bfs:BF9343_3343
Q5L9U8	bfs:BF9343_3348
Q5L9Q9	bfs:BF9343_3387
Q5L9P9	bfs:BF9343_3397
Q5L9N8	bfs:BF9343_3408
Q5L9N6	bfs:BF9343_3410
Q5L9M9	bfs:BF9343_3417
Q5L9M5	bfs:BF9343_3421
Q5L9L6	bfs:BF9343_3430
Q5L9K3	bfs:BF9343_3443
Q5L9J1	bfs:BF9343_3455
A0A380YSA5	bfs:BF9343_3472
D1JUT9	bfs:BF9343_3473
Q5L9H0	bfs:BF9343_3476
Q5L9G4	bfs:BF9343_3482
Q5L9F5	bfs:BF9343_3492
Q5L9E2	bfs:BF9343_3505
Q5L9D9	bfs:BF9343_3508
Q5L9D4	bfs:BF9343_3513
Q5L9D0	bfs:BF9343_3517
Q5L9B9	bfs:BF9343_3528
Q5L9A7	bfs:BF9343_3540
Q5L9A3	bfs:BF9343_3544
Q5L987	bfs:BF9343_3562
Q5L984	bfs:BF9343_3565
A0A380YSZ4	bfs:BF9343_3573
Q5L946	bfs:BF9343_3605
Q5L927	bfs:BF9343_3624
Q5LBQ8	bfs:BF9343_2679
Q5LBN7	bfs:BF9343_2700
Q5LBK8	bfs:BF9343_2730
A0A0K6BWK2	bfs:BF9343_2734
Q5LBJ6	bfs:BF9343_2742
Q5LBJ4	bfs:BF9343_2744
Q5LBF1	bfs:BF9343_2788
Q5LBA6	bfs:BF9343_2835
Q5LB97	bfs:BF9343_2844
Q5LB88	bfs:BF9343_2853
Q5LB82	bfs:BF9343_2859
Q5LB80	bfs:BF9343_2861
Q5LB69	bfs:BF9343_2872
A0A380YND8	bfs:BF9343_2891
Q5LB41	bfs:BF9343_2900
Q5LB14	bfs:BF9343_2927
Q5LB13	bfs:BF9343_2928
Q5LB10	bfs:BF9343_2931
Q5LAZ6	bfs:BF9343_2945
Q5LAW7	bfs:BF9343_2975
Q5LAU9	bfs:BF9343_2993
Q5LAT9	bfs:BF9343_3003
Q5LAS9	bfs:BF9343_3013
Q5LAP9	bfs:BF9343_3043
Q5LAP6	bfs:BF9343_3046
Q5LAP3	bfs:BF9343_3049
Q5LAP0	bfs:BF9343_3052
Q5LAH5	bfs:BF9343_3117
Q5LAG7	bfs:BF9343_3125
Q5LAE8	bfs:BF9343_3144
Q5LAE6	bfs:BF9343_3146
Q5LAB8	bfs:BF9343_3174
Q5LAB1	bfs:BF9343_3181
Q5L8M2	bfs:BF9343_3784
Q5L8U5	bfs:BF9343_3706
Q5L8U7	bfs:BF9343_3704
Q5L8V0	bfs:BF9343_3701
Q5L8W2	bfs:BF9343_3689
Q5L8Z2	bfs:BF9343_3659
Q5L907	bfs:BF9343_3644
A0A380YXU1	bfs:BF9343_3831
Q5L8I7	bfs:BF9343_3819
Q5L8J1	bfs:BF9343_3815
Q5L8J9	bfs:BF9343_3807
A0A380YRT9	bfs:BF9343_3806
D1JX33	bfs:BF9343_3805
Q5LJ52	bfs:BF9343_0045
Q5LER2	bfs:BF9343_1607
Q5L908	bfs:BF9343_3643
Q5LDN2	bfs:BF9343_1995
Q5LDS0	bfs:BF9343_1955
A0A371A3J2	bfs:BF9343_1424
A0A371A3Q6	bfs:BF9343_1423
A0A371A3F6	bfs:BF9343_1420
Q5LFA8	bfs:BF9343_1409
Q5LFA9	bfs:BF9343_1408
Q5LDV8	bfs:BF9343_1916
Q5LE03	bfs:BF9343_1869
Q5LE35	bfs:BF9343_1837
A0A380YXP3	bfs:BF9343_1775
Q5LED3	bfs:BF9343_1737
Q5LED7	bfs:BF9343_1733
Q5LED8	bfs:BF9343_1732
Q5LET5	bfs:BF9343_1584
Q5LET9	bfs:BF9343_1580
A0A380YZ57	bfs:BF9343_1556
Q5LEY9	bfs:BF9343_1529
Q5LFE2	bfs:BF9343_1372
Q5LFG3	bfs:BF9343_1350
Q5LFI5	bfs:BF9343_1328
Q5LFL2	bfs:BF9343_1300
Q5LFL5	bfs:BF9343_1297
Q5LFN0	bfs:BF9343_1282
Q5LFN5	bfs:BF9343_1277
A0A380YW85	bfs:BF9343_1250
Q5LFS6	bfs:BF9343_1236
Q5LG51	bfs:BF9343_1109
Q5LG72	bfs:BF9343_1088
Q5LGH5	bfs:BF9343_0983
Q5LGJ6	bfs:BF9343_0962
Q5LGL2	bfs:BF9343_0946
Q5LGN1	bfs:BF9343_0926
Q5LGQ3	bfs:BF9343_0903
Q5LGV1	bfs:BF9343_0855
Q5LGX1	bfs:BF9343_0834
Q5LGX3	bfs:BF9343_0832
Q5LGZ6	bfs:BF9343_0809
Q5LGZ7	bfs:BF9343_0808
Q5LH28	bfs:BF9343_0777
Q5LH73	bfs:BF9343_0732
Q5LHB6	bfs:BF9343_0685
Q5LHI6	bfs:BF9343_0615
Q5LHK7	bfs:BF9343_0594
Q5LHQ8	bfs:BF9343_0543
Q5LHR1	bfs:BF9343_0540
Q5LHS6	bfs:BF9343_0525
Q5LHW0	bfs:BF9343_0491
Q5LI21	bfs:BF9343_0428
Q5LI67	bfs:BF9343_0381
Q5LI93	bfs:BF9343_0354
Q5LIB5	bfs:BF9343_0332
Q5LIF2	bfs:BF9343_0295
Q5LIG9	bfs:BF9343_0278
Q5LIH2	bfs:BF9343_0275
Q5LII9	bfs:BF9343_0258
Q5LIN7	bfs:BF9343_0210
Q5LIP7	bfs:BF9343_0200
Q5LIP9	bfs:BF9343_0198
Q5LIT7	bfs:BF9343_0160
Q5LIY5	bfs:BF9343_0112
Q5L7B1	bfs:BF9343_4260
Q5L7C5	bfs:BF9343_4246
A0A380YRB3	bfs:BF9343_3621
A0A380YQQ1	bfs:BF9343_3619
Q5L9K6	bfs:BF9343_3440
A0A380YQ12	bfs:BF9343_3399
Q5L9U4	bfs:BF9343_3352
Q5L9U6	bfs:BF9343_3350
Q5L9W3	bfs:BF9343_3332
A0A380YQI8	bfs:BF9343_3321
Q5LA08	bfs:BF9343_3286
Q5LA30	bfs:BF9343_3263
Q5LA33	bfs:BF9343_3260
A0A0K6BX47	bfs:BF9343_3259
Q5LA35	bfs:BF9343_3258
Q5LA36	bfs:BF9343_3257
D1JTZ2	bfs:BF9343_3248
Q5LAA9	bfs:BF9343_3183
Q5LAB6	bfs:BF9343_3176
A0A380YRJ3	bfs:BF9343_3113
A0A380YPW5	bfs:BF9343_3111
Q5LAJ2	bfs:BF9343_3100
Q5LAK5	bfs:BF9343_3087
Q5LAR1	bfs:BF9343_3031
Q5LAR2	bfs:BF9343_3030
Q5LAS3	bfs:BF9343_3019
Q5LAU6	bfs:BF9343_2996
Q5LAV4	bfs:BF9343_2988
Q5LAZ1	bfs:BF9343_2950
A0A380YP97	bfs:BF9343_2893
Q5LB52	bfs:BF9343_2889
Q5LBE1	bfs:BF9343_2798
Q5LBL1	bfs:BF9343_2727
Q5LBP4	bfs:BF9343_2693
Q5LDI7	bfs:BF9343_2041
Q5LDG3	bfs:BF9343_2066
Q5LDF4	bfs:BF9343_2075
A0A371ABU9	bfs:BF9343_2076
Q5LDD1	bfs:BF9343_2098
Q5LDC9	bfs:BF9343_2100
Q5LDC7	bfs:BF9343_2102
Q5LD90	bfs:BF9343_2139
Q5LD53	bfs:BF9343_2176
Q5LCT4	bfs:BF9343_2298
Q5LCS1	bfs:BF9343_2311
Q5LCK2	bfs:BF9343_2382
Q5LCD4	bfs:BF9343_2450
Q5LC56	bfs:BF9343_2529
Q5LBX0	bfs:BF9343_2617
A0A0K6C016	bfs:BF9343_4176
Q5L7U0	bfs:BF9343_4078
Q5L826	bfs:BF9343_3990
Q5L827	bfs:BF9343_3989
Q5L831	bfs:BF9343_3985
Q5L888	bfs:BF9343_3919
Q5L8C8	bfs:BF9343_3879
Q5L8F0	bfs:BF9343_3857
A0A380YST7	bfs:BF9343_3662
Q5L8V7	bfs:BF9343_3694
Q5L8T8	bfs:BF9343_3713
Q5L8J6	bfs:BF9343_3810
Q5L8I4	bfs:BF9343_3822
Q5L8H1	bfs:BF9343_3835
Q5LEN0	bfs:BF9343_1640
Q5LA09	bfs:BF9343_3285
Q5LCR8	bfs:BF9343_2314
A0A380YZF0	bfs:BF9343_2315
Q5LCR6	bfs:BF9343_2316
Q5LCQ2	bfs:BF9343_2331
Q5LCP5	bfs:BF9343_2338
Q5LCM0	bfs:BF9343_2363
Q5LE37	bfs:BF9343_1835
Q5LHL5	bfs:BF9343_0586
Q5LHL9	bfs:BF9343_0582
A0A380YS92	bfs:BF9343_3954
A0A380YUP9	bfs:BF9343_3958
A0A380YRX5	bfs:BF9343_3962
A0A380YTN5	bfs:BF9343_3964
A0A380YRY4	bfs:BF9343_3972
Q5LGE6	bfs:BF9343_1013
Q5LGE8	bfs:BF9343_1011
Q5LGG9	bfs:BF9343_0989
Q5LGH9	bfs:BF9343_0979
Q5LGI0	bfs:BF9343_0978
Q5LGI1	bfs:BF9343_0977
Q5LGI3	bfs:BF9343_0975
Q5LGI5	bfs:BF9343_0973
Q5LGI7	bfs:BF9343_0971
Q5LGI8	bfs:BF9343_0970
A0A380YY22	bfs:BF9343_0871
Q5LGW9	bfs:BF9343_0836
A0A380Z123	bfs:BF9343_0697
Q5LHC5	bfs:BF9343_0676
Q5LHF7	bfs:BF9343_0644
Q5LHI5	bfs:BF9343_0616
D1JRR4	bfs:BF9343_0574
Q5LHP8	bfs:BF9343_0553
A0A380YWY0	bfs:BF9343_0478
Q5LHX7	bfs:BF9343_0474
Q5LI44	bfs:BF9343_0405
Q5LID6	bfs:BF9343_0311
Q5LIM2	bfs:BF9343_0225
Q5LIS9	bfs:BF9343_0168
Q5LIT2	bfs:BF9343_0165
Q5LIT6	bfs:BF9343_0161
Q5LJ86	bfs:BF9343_0011
A0A380YSP3	bfs:BF9343_0009
Q5L7C0	bfs:BF9343_4251
Q5L7I7	bfs:BF9343_4184
A0A380YSA0	bfs:BF9343_4046
A0A380YSH7	bfs:BF9343_4042
Q5L813	bfs:BF9343_4003
Q5L873	bfs:BF9343_3934
A0A380YRZ7	bfs:BF9343_3867
Q5L8M1	bfs:BF9343_3785
Q5LA48	bfs:BF9343_3245
Q5LA49	bfs:BF9343_3244
A0A380YRQ3	bfs:BF9343_3149
Q5LAK9	bfs:BF9343_3083
Q5LAM0	bfs:BF9343_3072
Q5LAM1	bfs:BF9343_3071
Q5LAQ5	bfs:BF9343_3037
Q5LAQ6	bfs:BF9343_3036
Q5LAU3	bfs:BF9343_2999
Q5LB05	bfs:BF9343_2936
A0A380YRP6	bfs:BF9343_2918
Q5LBI1	bfs:BF9343_2758
Q5LBM2	bfs:BF9343_2716
A0A380YNP5	bfs:BF9343_2715
Q5LBM4	bfs:BF9343_2714
D1JTP3	bfs:BF9343_2711
Q5LBM8	bfs:BF9343_2710
Q5LBN0	bfs:BF9343_2708
Q5LBN3	bfs:BF9343_2705
Q5LBT3	bfs:BF9343_2654
Q5LBW4	bfs:BF9343_2623
Q5LBZ1	bfs:BF9343_2596
Q5LC08	bfs:BF9343_2579
Q5LC14	bfs:BF9343_2572
Q5LC50	bfs:BF9343_2535
Q5LCA5	bfs:BF9343_2479
Q5LCT1	bfs:BF9343_2301
Q5LG09	bfs:BF9343_1151
Q5LFQ8	bfs:BF9343_1254
Q5LFH3	bfs:BF9343_1340
Q5LFH0	bfs:BF9343_1343
A0A380YWQ3	bfs:BF9343_1345
Q5LFF2	bfs:BF9343_1361
Q5LFE3	bfs:BF9343_1371
Q5LE60	bfs:BF9343_1811
Q5LE57	bfs:BF9343_1814
Q5LE56	bfs:BF9343_1815
Q5LE54	bfs:BF9343_1817
Q5LE53	bfs:BF9343_1818
Q5LE52	bfs:BF9343_1819
Q5LE51	bfs:BF9343_1820
Q5LE50	bfs:BF9343_1821
Q5LE47	bfs:BF9343_1824
Q5LE45	bfs:BF9343_1826
Q5LE44	bfs:BF9343_1827
Q5LE26	bfs:BF9343_1846
Q5LE24	bfs:BF9343_1848
Q5L9T4	bfs:BF9343_3362
Q5L9R4	bfs:BF9343_3382
Q5L9Q5	bfs:BF9343_3391
Q5L9K8	bfs:BF9343_3438
Q5L947	bfs:BF9343_3604
D1JMS4	bfs:BF9343_2122
Q5LDG7	bfs:BF9343_2062
Q5LDZ3	bfs:BF9343_1880
Q5LFA3	bfs:BF9343_1414
A0A371A0B1	bfs:BF9343_2793
Q5LH88	bfs:BF9343_0716
Q5LCZ8	bfs:BF9343_2232
Q5LCZ5	bfs:BF9343_2235
Q5LCZ4	bfs:BF9343_2236
A0A0I9RYW8	bfs:BF9343_2237
Q5LC63	bfs:BF9343_2522
A0A380YRN7	bfs:BF9343_3935
A0A380YS77	bfs:BF9343_3944
A0A380YTZ6	bfs:BF9343_3947
Q5L863	bfs:BF9343_3949
A0A380YTM4	bfs:BF9343_3953
A0A380YUQ6	bfs:BF9343_3969
A0A380YRT0	bfs:BF9343_3973
Q5L7T3	bfs:BF9343_4085
Q5LFY1	bfs:BF9343_1181
Q5LFX6	bfs:BF9343_1186
Q5LEL1	bfs:BF9343_1659
Q5LFV5	bfs:BF9343_1207
Q5LFW7	bfs:BF9343_1195
Q5LA65	bfs:BF9343_3228
Q5LA59	bfs:BF9343_3234
A0A380YPL8	bfs:BF9343_3277
Q5L9U3	bfs:BF9343_3353
Q5L9P4	bfs:BF9343_3402
Q5L9J9	bfs:BF9343_3447
A0A380YQK7	bfs:BF9343_3499
A0A370ZWS1	bfs:BF9343_3552
Q5L979	bfs:BF9343_3570
Q5L7C2	bfs:BF9343_4249
A0A0K6BNG4	bfs:BF9343_0005
Q5LJ18	bfs:BF9343_0079
D1JQG7	bfs:BF9343_0137
A0A380YT47	bfs:BF9343_0156
Q5LIR3	bfs:BF9343_0184
D1JQZ1	bfs:BF9343_0302
Q5LIE0	bfs:BF9343_0307
A0A380YVQ9	bfs:BF9343_0347
Q5LI99	bfs:BF9343_0348
Q5LI83	bfs:BF9343_0364
Q5LI82	bfs:BF9343_0366
Q5LI28	bfs:BF9343_0421
Q5LHU7	bfs:BF9343_0504
Q5LHM5	bfs:BF9343_0576
A0A380YX97	bfs:BF9343_0597
Q5LHG6	bfs:BF9343_0635
Q5LHG5	bfs:BF9343_0636
Q5LH66	bfs:BF9343_0739
Q5LH46	bfs:BF9343_0759
Q5LH36	bfs:BF9343_0769
Q5LGK1	bfs:BF9343_0957
Q5LGJ2	bfs:BF9343_0966
Q5LGJ0	bfs:BF9343_0968
Q5LGI9	bfs:BF9343_0969
Q5LGI2	bfs:BF9343_0976
A0A380YW57	bfs:BF9343_1221
Q5LFK2	bfs:BF9343_1310
Q5LEZ0	bfs:BF9343_1528
Q5LEU9	bfs:BF9343_1570
Q5LES5	bfs:BF9343_1594
Q5LEN4	bfs:BF9343_1636
Q5LDW9	bfs:BF9343_1905
Q5LDW6	bfs:BF9343_1908
Q5LDI3	bfs:BF9343_2046
A0A380Z0U6	bfs:BF9343_2124
Q5LD75	bfs:BF9343_2154
A0A380Z107	bfs:BF9343_2181
Q5LD40	bfs:BF9343_2189
Q5LCY1	bfs:BF9343_2251
Q5LCW2	bfs:BF9343_2270
Q5LCS5	bfs:BF9343_2307
Q5LCK0	bfs:BF9343_2384
Q5LCJ3	bfs:BF9343_2391
Q5LC90	bfs:BF9343_2495
Q5LBY8	bfs:BF9343_2599
Q5LBL9	bfs:BF9343_2719
A0A380YMY2	bfs:BF9343_2721
Q5LBG7	bfs:BF9343_2772
Q5LBB8	bfs:BF9343_2821
Q5LBB6	bfs:BF9343_2823
A0A380YQP7	bfs:BF9343_2825
A0A380YP72	bfs:BF9343_2920
A0A380YP28	bfs:BF9343_3050
Q5LAM7	bfs:BF9343_3065
A0A380YP10	bfs:BF9343_3081
Q5LAC7	bfs:BF9343_3165
A0A380YTQ8	bfs:BF9343_3860
Q5L884	bfs:BF9343_3923
Q5L837	bfs:BF9343_3979
Q5L7R4	bfs:BF9343_4105
D1JW38	bfs:BF9343_4185
A0A380YT89	bfs:BF9343_3677
Q5L8V2	bfs:BF9343_3699
Q5LFW1	bfs:BF9343_1201
Q5LFW5	bfs:BF9343_1197
Q5LFY7	bfs:BF9343_1175
Q5LFY8	bfs:BF9343_1174
Q5LGS5	bfs:BF9343_0881
Q5LGR4	bfs:BF9343_0892
Q5LG60	bfs:BF9343_1100
Q5LG48	bfs:BF9343_1112
Q5LFT9	bfs:BF9343_1223
Q5LEZ6	bfs:BF9343_1522
Q5LEY0	bfs:BF9343_1538
Q5LEV5	bfs:BF9343_1564
Q5LEV2	bfs:BF9343_1567
Q5LEQ5	bfs:BF9343_1614
Q5LDQ0	bfs:BF9343_1977
Q5LDF8	bfs:BF9343_2071
Q5LD83	bfs:BF9343_2146
Q5LD03	bfs:BF9343_2227
Q5LD00	bfs:BF9343_2230
Q5LCT6	bfs:BF9343_2296
Q5LCQ9	bfs:BF9343_2324
Q5LCP1	bfs:BF9343_2342
A0A0I9RSS1	bfs:BF9343_2347
D1JNH9	bfs:BF9343_2350
A0A0I9RLN4	bfs:BF9343_2351
A0A0I9RLK9	bfs:BF9343_2352
Q5LCN0	bfs:BF9343_2353
Q5LCM4	bfs:BF9343_2359
Q5LCH5	bfs:BF9343_2409
Q5LC77	bfs:BF9343_2508
Q5LC39	bfs:BF9343_2546
Q5LC37	bfs:BF9343_2548
Q5LC23	bfs:BF9343_2562
Q5LBZ3	bfs:BF9343_2594
Q5LBU4	bfs:BF9343_2643
Q5LIV9	bfs:BF9343_0138
D1JQH7	bfs:BF9343_0147
Q5LIR7	bfs:BF9343_0180
Q5LIN4	bfs:BF9343_0213
Q5LIJ0	bfs:BF9343_0257
D1JRA9	bfs:BF9343_0412
Q5LI23	bfs:BF9343_0426
Q5LHX1	bfs:BF9343_0480
Q5LHP6	bfs:BF9343_0555
Q5LH71	bfs:BF9343_0734
Q5LH49	bfs:BF9343_0756
Q5LH17	bfs:BF9343_0788
Q5LGZ1	bfs:BF9343_0814
Q5LAD6	bfs:BF9343_3156
Q5LAF3	bfs:BF9343_3139
Q5LAN9	bfs:BF9343_3053
D1JSP5	bfs:BF9343_3048
Q5LAP5	bfs:BF9343_3047
Q5LAQ8	bfs:BF9343_3034
D1JST6	bfs:BF9343_3009
Q5LAY6	bfs:BF9343_2955
Q5LB72	bfs:BF9343_2869
Q5LB81	bfs:BF9343_2860
Q5LBA1	bfs:BF9343_2840
Q5LBG4	bfs:BF9343_2775
Q5LBK5	bfs:BF9343_2733
Q5LBL0	bfs:BF9343_2728
Q5LBL8	bfs:BF9343_2720
Q5LBN4	bfs:BF9343_2704
Q5LA56	bfs:BF9343_3237
Q5L9S0	bfs:BF9343_3376
Q5L9P0	bfs:BF9343_3406
Q5L9K4	bfs:BF9343_3442
Q5L975	bfs:BF9343_3574
Q5L973	bfs:BF9343_3576
Q5L949	bfs:BF9343_3602
Q5L920	bfs:BF9343_3631
Q5L919	bfs:BF9343_3632
Q5L7K4	bfs:BF9343_4167
Q5L7S7	bfs:BF9343_4091
Q5L7S9	bfs:BF9343_4089
Q5L7T7	bfs:BF9343_4081
Q5L879	bfs:BF9343_3928
Q5L8B8	bfs:BF9343_3889
Q5L8Z6	bfs:BF9343_3655
Q5L8G2	bfs:BF9343_3844
D1JXA5	bfs:BF9343_2358
Q5LFY2	bfs:BF9343_1180
Q5LEK8	bfs:BF9343_1662
Q5LEF8	bfs:BF9343_1712
Q5LEI3	bfs:BF9343_1687
Q5L7D7	bfs:BF9343_4234
Q5L7B2	bfs:BF9343_4259
Q5LIR0	bfs:BF9343_0187
Q5LIQ6	bfs:BF9343_0191
Q5LI97	bfs:BF9343_0350
Q5LHT9	bfs:BF9343_0512
Q5LHM0	bfs:BF9343_0581
Q5LHL6	bfs:BF9343_0585
Q5LH55	bfs:BF9343_0750
Q5LGX5	bfs:BF9343_0830
Q5LGS7	bfs:BF9343_0879
Q5LGR9	bfs:BF9343_0887
Q5LGJ3	bfs:BF9343_0965
Q5LGG7	bfs:BF9343_0991
Q5LG21	bfs:BF9343_1139
Q5LFV0	bfs:BF9343_1212
Q5LF24	bfs:BF9343_1493
Q5LES3	bfs:BF9343_1596
Q5LED6	bfs:BF9343_1734
Q5LDU0	bfs:BF9343_1934
Q5LF74	bfs:BF9343_1443
Q5LF91	bfs:BF9343_1426
Q5LFB0	bfs:BF9343_1407
Q5LC19	bfs:BF9343_2567
Q5L9F0	bfs:BF9343_3497
Q5L9H6	bfs:BF9343_3470
Q5L9L5	bfs:BF9343_3431
Q5L9Y2	bfs:BF9343_3313
Q5L9Y3	bfs:BF9343_3312
Q5L9Z6	bfs:BF9343_3299
Q5LA06	bfs:BF9343_3288
Q5LAZ4	bfs:BF9343_2947
Q5LAM5	bfs:BF9343_3067
Q5LAL9	bfs:BF9343_3073
Q5LAL6	bfs:BF9343_3076
Q5LAJ0	bfs:BF9343_3102
Q5LAI9	bfs:BF9343_3103
Q5LAI8	bfs:BF9343_3104
Q5LAH0	bfs:BF9343_3122
Q5L8F8	bfs:BF9343_3849
Q5L818	bfs:BF9343_3998
Q5L7J2	bfs:BF9343_4179
Q5L7I5	bfs:BF9343_4186
Q5L8X1	bfs:BF9343_3680
Q5LJ95	bfs:BF9343_0002
Q5LJ94	bfs:BF9343_0003
Q5LJ93	bfs:BF9343_0004
Q5LJ91	bfs:BF9343_0006
Q5LJ90	bfs:BF9343_0007
Q5LJ89	bfs:BF9343_0008
Q5LJ84	bfs:BF9343_0013
Q5LJ83	bfs:BF9343_0014
Q5LJ82	bfs:BF9343_0015
Q5LJ81	bfs:BF9343_0016
Q5LJ78	bfs:BF9343_0019
Q5LJ76	bfs:BF9343_0021
Q5LJ73	bfs:BF9343_0024
Q5LJ68	bfs:BF9343_0029
Q5LJ64	bfs:BF9343_0033
Q5LJ60	bfs:BF9343_0037
Q5LJ57	bfs:BF9343_0040
A0A380YV05	bfs:BF9343_0043
Q5LJ53	bfs:BF9343_0044
A0A0K6BN66	bfs:BF9343_0047
A0A380YT83	bfs:BF9343_0051
Q5LJ44	bfs:BF9343_0053
Q5LJ43	bfs:BF9343_0054
Q5LJ41	bfs:BF9343_0056
Q5LJ40	bfs:BF9343_0057
Q5LJ39	bfs:BF9343_0058
Q5LJ37	bfs:BF9343_0060
Q5LJ36	bfs:BF9343_0061
Q5LJ35	bfs:BF9343_0062
Q5LJ27	bfs:BF9343_0070
Q5LJ24	bfs:BF9343_0073
Q5LJ19	bfs:BF9343_0078
Q5LJ14	bfs:BF9343_0083
Q5LJ13	bfs:BF9343_0084
A0A380YVT4	bfs:BF9343_0086
Q5LJ10	bfs:BF9343_0087
Q5LJ09	bfs:BF9343_0088
Q5LJ08	bfs:BF9343_0089
A0A380YTC4	bfs:BF9343_0092
Q5LJ03	bfs:BF9343_0094
Q5LJ00	bfs:BF9343_0097
Q5LIZ8	bfs:BF9343_0099
Q5LIZ2	bfs:BF9343_0105
Q5LIY8	bfs:BF9343_0109
Q5LIY4	bfs:BF9343_0113
Q5LIX7	bfs:BF9343_0120
Q5LIX5	bfs:BF9343_0122
Q5LIX2	bfs:BF9343_0125
A0A380YZI1	bfs:BF9343_0143
Q5LIV1	bfs:BF9343_0146
A0A380YV63	bfs:BF9343_0149
Q5LIT5	bfs:BF9343_0162
Q5LIT4	bfs:BF9343_0163
Q5LIS6	bfs:BF9343_0171
Q5LIR8	bfs:BF9343_0179
Q5LIR2	bfs:BF9343_0185
Q5LIQ5	bfs:BF9343_0192
Q5LIQ0	bfs:BF9343_0197
Q5LIN8	bfs:BF9343_0209
Q5LIN5	bfs:BF9343_0212
Q5LIM3	bfs:BF9343_0224
Q5LIM1	bfs:BF9343_0226
Q5LIL9	bfs:BF9343_0228
Q5LIL7	bfs:BF9343_0230
Q5LIL6	bfs:BF9343_0231
Q5LIL5	bfs:BF9343_0232
Q5LIL0	bfs:BF9343_0237
A0A380YTB9	bfs:BF9343_0238
A0A380YVK8	bfs:BF9343_0239
Q5LIK6	bfs:BF9343_0241
Q5LIJ9	bfs:BF9343_0248
A0A380YTM3	bfs:BF9343_0251
Q5LIJ5	bfs:BF9343_0252
Q5LIJ3	bfs:BF9343_0254
Q5LII4	bfs:BF9343_0263
Q5LII2	bfs:BF9343_0265
Q5LII0	bfs:BF9343_0267
Q5LIH8	bfs:BF9343_0269
A0A380YTP6	bfs:BF9343_0271
Q5LIH5	bfs:BF9343_0272
Q5LIH3	bfs:BF9343_0274
Q5LIH1	bfs:BF9343_0276
Q5LIH0	bfs:BF9343_0277
Q5LIG8	bfs:BF9343_0279
Q5LIG6	bfs:BF9343_0281
Q5LIG4	bfs:BF9343_0283
A0A371A6T6	bfs:BF9343_0284
Q5LIG2	bfs:BF9343_0285
Q5LIG1	bfs:BF9343_0286
A0A380YTG9	bfs:BF9343_0287
Q5LIF9	bfs:BF9343_0288
A0A380YWE7	bfs:BF9343_0289
Q5LIF7	bfs:BF9343_0290
Q5LIF5	bfs:BF9343_0292
Q5LIF1	bfs:BF9343_0296
Q5LIF0	bfs:BF9343_0297
Q5LIE8	bfs:BF9343_0299
Q5LIE3	bfs:BF9343_0304
Q5LIE1	bfs:BF9343_0306
Q5LID9	bfs:BF9343_0308
Q5LID7	bfs:BF9343_0310
A0A380YVG5	bfs:BF9343_0315
Q5LIC8	bfs:BF9343_0319
Q5LIC7	bfs:BF9343_0320
Q5LIC6	bfs:BF9343_0321
Q5LIC5	bfs:BF9343_0322
Q5LIC4	bfs:BF9343_0323
Q5LIC3	bfs:BF9343_0324
Q5LIC2	bfs:BF9343_0325
A0A380YU07	bfs:BF9343_0326
A0A381DB68	bfs:BF9343_0327
Q5LIB9	bfs:BF9343_0328
A0A380Z022	bfs:BF9343_0331
Q5LIB1	bfs:BF9343_0336
Q5LIA8	bfs:BF9343_0339
Q5LIA7	bfs:BF9343_0340
Q5LI96	bfs:BF9343_0351
Q5LI91	bfs:BF9343_0356
Q5LI90	bfs:BF9343_0357
Q5LI88	bfs:BF9343_0359
Q5LI86	bfs:BF9343_0361
Q5LI81	bfs:BF9343_0367
Q5LI80	bfs:BF9343_0368
Q5LI79	bfs:BF9343_0369
Q5LI78	bfs:BF9343_0370
Q5LI77	bfs:BF9343_0371
A0A380YTR8	bfs:BF9343_0373
Q5LI71	bfs:BF9343_0377
Q5LI68	bfs:BF9343_0380
Q5LI64	bfs:BF9343_0384
Q5LI60	bfs:BF9343_0388
Q5LI59	bfs:BF9343_0389
Q5LI58	bfs:BF9343_0390
Q5LI57	bfs:BF9343_0391
A0A380YTU0	bfs:BF9343_0392
Q5LI54	bfs:BF9343_0395
Q5LI53	bfs:BF9343_0396
Q5LI52	bfs:BF9343_0397
A0A380Z082	bfs:BF9343_0400
Q5LI40	bfs:BF9343_0409
Q5LI31	bfs:BF9343_0418
Q5LI29	bfs:BF9343_0420
Q5LI24	bfs:BF9343_0425
Q5LI16	bfs:BF9343_0433
A0A380YVZ2	bfs:BF9343_0435
Q5LI10	bfs:BF9343_0439
Q5LI07	bfs:BF9343_0444
Q5LI06	bfs:BF9343_0445
Q5LI01	bfs:BF9343_0450
Q5LHZ9	bfs:BF9343_0452
Q5LHZ8	bfs:BF9343_0453
Q5LHZ2	bfs:BF9343_0459
Q5LHZ0	bfs:BF9343_0461
Q5LHY7	bfs:BF9343_0464
Q5LHY4	bfs:BF9343_0467
A0A371ACY1	bfs:BF9343_0469
A0A371ACX3	bfs:BF9343_0470
Q5LHX9	bfs:BF9343_0472
Q5LHX6	bfs:BF9343_0475
Q5LHX5	bfs:BF9343_0476
Q5LHX2	bfs:BF9343_0479
Q5LHW7	bfs:BF9343_0484
Q5LHW4	bfs:BF9343_0487
Q5LHV9	bfs:BF9343_0492
Q5LHV7	bfs:BF9343_0494
Q5LHV2	bfs:BF9343_0499
Q5LHV0	bfs:BF9343_0501
Q5LHU5	bfs:BF9343_0506
Q5LHU4	bfs:BF9343_0507
Q5LHU0	bfs:BF9343_0511
Q5LHT7	bfs:BF9343_0514
Q5LHT6	bfs:BF9343_0515
A0A380YU48	bfs:BF9343_0516
A0A380YWD8	bfs:BF9343_0517
A0A380YU69	bfs:BF9343_0522
A0A380YWE6	bfs:BF9343_0527
Q5LHR3	bfs:BF9343_0538
Q5LHR0	bfs:BF9343_0541
Q5LHQ9	bfs:BF9343_0542
Q5LHQ7	bfs:BF9343_0544
Q5LHQ5	bfs:BF9343_0546
Q5LHQ4	bfs:BF9343_0547
A0A380Z0L8	bfs:BF9343_0550
Q5LHP5	bfs:BF9343_0556
A0A380YUA7	bfs:BF9343_0562
A0A380YU98	bfs:BF9343_0564
Q5LHM6	bfs:BF9343_0575
Q5LHM4	bfs:BF9343_0577
A0A380Z0Q3	bfs:BF9343_0578
Q5LHL7	bfs:BF9343_0584
Q5LHL1	bfs:BF9343_0590
Q5LHL0	bfs:BF9343_0591
Q5LHK9	bfs:BF9343_0592
Q5LHJ9	bfs:BF9343_0602
Q5LHJ2	bfs:BF9343_0609
Q5LHI2	bfs:BF9343_0619
Q5LHH7	bfs:BF9343_0624
Q5LHH6	bfs:BF9343_0625
Q5LHH5	bfs:BF9343_0626
Q5LHG9	bfs:BF9343_0632
A0A380YUG8	bfs:BF9343_0633
Q5LHG7	bfs:BF9343_0634
Q5LHF9	bfs:BF9343_0642
Q5LHF8	bfs:BF9343_0643
Q5LHF6	bfs:BF9343_0645
Q5LHF4	bfs:BF9343_0647
A0A380YWC5	bfs:BF9343_0650
A0A380YV30	bfs:BF9343_0651
A0A380YWM4	bfs:BF9343_0652
Q5LHE8	bfs:BF9343_0653
Q5LHE6	bfs:BF9343_0655
Q5LHE3	bfs:BF9343_0658
Q5LHE1	bfs:BF9343_0660
Q5LHD5	bfs:BF9343_0666
Q5LHD4	bfs:BF9343_0667
Q5LHC6	bfs:BF9343_0675
Q5LHC4	bfs:BF9343_0677
Q5LHC2	bfs:BF9343_0679
A0A380YV56	bfs:BF9343_0681
Q5LHB9	bfs:BF9343_0682
Q5LHB5	bfs:BF9343_0687
A0A380YUM5	bfs:BF9343_0692
Q5LHA5	bfs:BF9343_0698
Q5LHA4	bfs:BF9343_0699
Q5LHA3	bfs:BF9343_0700
Q5LHA1	bfs:BF9343_0702
Q5LHA0	bfs:BF9343_0703
Q5LH98	bfs:BF9343_0705
Q5LH97	bfs:BF9343_0706
Q5LH96	bfs:BF9343_0707
Q5LH94	bfs:BF9343_0709
Q5LH92	bfs:BF9343_0712
Q5LH91	bfs:BF9343_0713
Q5LH90	bfs:BF9343_0714
Q5LH89	bfs:BF9343_0715
Q5LH87	bfs:BF9343_0717
Q5LH85	bfs:BF9343_0719
Q5LH81	bfs:BF9343_0723
Q5LH79	bfs:BF9343_0725
Q5LH76	bfs:BF9343_0728
Q5LH75	bfs:BF9343_0729
Q5LH70	bfs:BF9343_0735
Q5LH64	bfs:BF9343_0741
Q5LH63	bfs:BF9343_0742
A0A380YX26	bfs:BF9343_0746
A0A380Z174	bfs:BF9343_0748
Q5LH44	bfs:BF9343_0761
Q5LH43	bfs:BF9343_0762
Q5LH42	bfs:BF9343_0763
A0A380YX01	bfs:BF9343_0764
Q5LH39	bfs:BF9343_0766
Q5LH35	bfs:BF9343_0770
Q5LH34	bfs:BF9343_0771
Q5LH31	bfs:BF9343_0774
Q5LH24	bfs:BF9343_0781
Q5LH23	bfs:BF9343_0782
Q5LH19	bfs:BF9343_0786
Q5LH10	bfs:BF9343_0795
Q5LH07	bfs:BF9343_0798
Q5LGZ8	bfs:BF9343_0807
Q5LGY8	bfs:BF9343_0817
Q5LGY7	bfs:BF9343_0818
Q5LGY6	bfs:BF9343_0819
Q5LGY5	bfs:BF9343_0820
Q5LGY4	bfs:BF9343_0821
A0A380YV32	bfs:BF9343_0822
A0A380YV16	bfs:BF9343_0823
Q5LGY1	bfs:BF9343_0824
Q5LGY0	bfs:BF9343_0825
Q5LGX0	bfs:BF9343_0835
Q5LGW6	bfs:BF9343_0839
Q5LGW2	bfs:BF9343_0843
Q5LGV2	bfs:BF9343_0854
A0A380YV68	bfs:BF9343_0864
Q5LGT9	bfs:BF9343_0867
Q5LGT7	bfs:BF9343_0869
Q5LGT3	bfs:BF9343_0873
A0A380YV69	bfs:BF9343_0875
Q5LGR3	bfs:BF9343_0893
Q5LGR1	bfs:BF9343_0895
Q5LGR0	bfs:BF9343_0896
A0A149NDI4	bfs:BF9343_0898
A0A380Z1N1	bfs:BF9343_0902
Q5LGQ1	bfs:BF9343_0905
A0A380YX27	bfs:BF9343_0907
Q5LGP6	bfs:BF9343_0911
Q5LGP3	bfs:BF9343_0914
Q5LGN9	bfs:BF9343_0918
Q5LGN4	bfs:BF9343_0923
Q5LGN0	bfs:BF9343_0927
Q5LGL7	bfs:BF9343_0941
Q5LGL6	bfs:BF9343_0942
Q5LGL5	bfs:BF9343_0943
Q5LGL3	bfs:BF9343_0945
Q5LGK7	bfs:BF9343_0951
Q5LGK6	bfs:BF9343_0952
Q5LGK0	bfs:BF9343_0958
A0A371A6W0	bfs:BF9343_0963
Q5LGJ4	bfs:BF9343_0964
Q5LGH6	bfs:BF9343_0982
Q5LGG8	bfs:BF9343_0990
Q5LGG0	bfs:BF9343_0999
Q5LGF9	bfs:BF9343_1000
Q5LGF7	bfs:BF9343_1002
Q5LGF1	bfs:BF9343_1008
Q5LGE9	bfs:BF9343_1010
Q5LGE7	bfs:BF9343_1012
Q5LGE5	bfs:BF9343_1014
Q5LGE1	bfs:BF9343_1018
Q5LGE0	bfs:BF9343_1019
Q5LGD9	bfs:BF9343_1020
Q5LGD8	bfs:BF9343_1021
Q5LGD7	bfs:BF9343_1022
Q5LGD6	bfs:BF9343_1023
Q5LGD5	bfs:BF9343_1024
Q5LGD3	bfs:BF9343_1026
Q5LGD2	bfs:BF9343_1027
Q5LGD1	bfs:BF9343_1028
Q5LGD0	bfs:BF9343_1029
Q5LGC9	bfs:BF9343_1030
Q5LGC8	bfs:BF9343_1031
Q5LGC7	bfs:BF9343_1032
Q5LGC5	bfs:BF9343_1034
Q5LGB9	bfs:BF9343_1040
Q5LGB7	bfs:BF9343_1042
Q5LGB3	bfs:BF9343_1046
Q5LGB2	bfs:BF9343_1047
Q5LGB1	bfs:BF9343_1048
Q5LGB0	bfs:BF9343_1049
Q5LGA9	bfs:BF9343_1050
Q5LGA6	bfs:BF9343_1054
A0A380YXH5	bfs:BF9343_1055
Q5LGA2	bfs:BF9343_1058
Q5LGA1	bfs:BF9343_1059
Q5LGA0	bfs:BF9343_1060
Q5LG98	bfs:BF9343_1062
Q5LG96	bfs:BF9343_1064
Q5LG95	bfs:BF9343_1065
Q5LG94	bfs:BF9343_1066
Q5LG93	bfs:BF9343_1067
Q5LG91	bfs:BF9343_1069
A0A380YXZ8	bfs:BF9343_1070
A0A380YYL7	bfs:BF9343_1071
A0A380Z261	bfs:BF9343_1072
Q5LG87	bfs:BF9343_1073
Q5LG86	bfs:BF9343_1074
Q5LG85	bfs:BF9343_1075
Q5LG84	bfs:BF9343_1076
Q5LG82	bfs:BF9343_1078
Q5LG81	bfs:BF9343_1079
Q5LG80	bfs:BF9343_1080
Q5LG76	bfs:BF9343_1084
Q5LG63	bfs:BF9343_1097
Q5LG59	bfs:BF9343_1101
Q5LG58	bfs:BF9343_1102
Q5LG50	bfs:BF9343_1110
A0A380YVU7	bfs:BF9343_1117
Q5LG38	bfs:BF9343_1122
Q5LG36	bfs:BF9343_1124
Q5LG35	bfs:BF9343_1125
Q5LG34	bfs:BF9343_1126
Q5LG32	bfs:BF9343_1128
Q5LG23	bfs:BF9343_1137
Q5LG22	bfs:BF9343_1138
Q5LG20	bfs:BF9343_1140
Q5LG15	bfs:BF9343_1145
Q5LG14	bfs:BF9343_1146
Q5LG03	bfs:BF9343_1157
Q5LG02	bfs:BF9343_1158
Q5LG01	bfs:BF9343_1159
Q5LG00	bfs:BF9343_1160
Q5LFZ9	bfs:BF9343_1161
Q5LFZ8	bfs:BF9343_1162
Q5LFZ7	bfs:BF9343_1163
Q5LFZ6	bfs:BF9343_1164
Q5LFZ5	bfs:BF9343_1165
Q5LFZ3	bfs:BF9343_1169
Q5LFZ2	bfs:BF9343_1170
Q5LFZ1	bfs:BF9343_1171
Q5LFZ0	bfs:BF9343_1172
Q5LFY9	bfs:BF9343_1173
Q5LFY6	bfs:BF9343_1176
Q5LFY4	bfs:BF9343_1178
Q5LFY3	bfs:BF9343_1179
Q5LFY0	bfs:BF9343_1182
Q5LFX9	bfs:BF9343_1183
Q5LFX8	bfs:BF9343_1184
Q5LFX5	bfs:BF9343_1187
Q5LFX4	bfs:BF9343_1188
Q5LFX3	bfs:BF9343_1189
Q5LFX2	bfs:BF9343_1190
Q5LFX1	bfs:BF9343_1191
Q5LFX0	bfs:BF9343_1192
Q5LFW6	bfs:BF9343_1196
Q5LFW2	bfs:BF9343_1200
Q5LFW0	bfs:BF9343_1202
Q5LFV9	bfs:BF9343_1203
Q5LFV7	bfs:BF9343_1205
Q5LFV6	bfs:BF9343_1206
A0A380YWD0	bfs:BF9343_1210
Q5LFU6	bfs:BF9343_1216
Q5LFU5	bfs:BF9343_1217
Q5LFU3	bfs:BF9343_1219
Q5LFT5	bfs:BF9343_1227
Q5LFS9	bfs:BF9343_1233
Q5LFS1	bfs:BF9343_1241
Q5LFR9	bfs:BF9343_1243
Q5LFQ4	bfs:BF9343_1258
Q5LFP9	bfs:BF9343_1263
Q5LFN6	bfs:BF9343_1276
Q5LFN2	bfs:BF9343_1280
Q5LFM8	bfs:BF9343_1284
Q5LFM7	bfs:BF9343_1285
Q5LFM6	bfs:BF9343_1286
Q5LFM2	bfs:BF9343_1290
Q5LFL8	bfs:BF9343_1294
Q5LFJ7	bfs:BF9343_1315
Q5LFJ3	bfs:BF9343_1319
Q5LFJ2	bfs:BF9343_1320
Q5LFI7	bfs:BF9343_1326
Q5LFI0	bfs:BF9343_1333
Q5LFH5	bfs:BF9343_1338
Q5LFH4	bfs:BF9343_1339
A0A380Z304	bfs:BF9343_1344
Q5LFG6	bfs:BF9343_1347
Q5LFG2	bfs:BF9343_1351
Q5LFG1	bfs:BF9343_1352
Q5LFF4	bfs:BF9343_1359
Q5LFF3	bfs:BF9343_1360
A0A380YYT6	bfs:BF9343_1363
Q5LFE9	bfs:BF9343_1364
Q5LFE6	bfs:BF9343_1367
Q5LFD6	bfs:BF9343_1379
A0A380YYV6	bfs:BF9343_1383
A0A380YZG1	bfs:BF9343_1384
A0A081UL03	bfs:BF9343_1385
Q5LFD0	bfs:BF9343_1386
A0A371A3I2	bfs:BF9343_1394
A0A371A3L1	bfs:BF9343_1395
A0A371A3H8	bfs:BF9343_1397
A0A371A3I1	bfs:BF9343_1398
A0A371A3H7	bfs:BF9343_1399
A0A371A3L6	bfs:BF9343_1403
A0A0I9S373	bfs:BF9343_1404
A0A371A3K9	bfs:BF9343_1405
A0A380Z354	bfs:BF9343_1406
A0A371A3G7	bfs:BF9343_1410
A0A149N851	bfs:BF9343_1411
Q5LFA1	bfs:BF9343_1416
A0A371A3J1	bfs:BF9343_1417
A0A371A3F5	bfs:BF9343_1422
Q5LF90	bfs:BF9343_1427
Q5LF81	bfs:BF9343_1436
A0A380Z384	bfs:BF9343_1437
Q5LF79	bfs:BF9343_1438
Q5LF78	bfs:BF9343_1439
Q5LF77	bfs:BF9343_1440
Q5LF76	bfs:BF9343_1441
A0A380YYU7	bfs:BF9343_1442
A0A380YZ17	bfs:BF9343_1444
Q5LF72	bfs:BF9343_1445
A0A380Z392	bfs:BF9343_1446
A0A371A3D6	bfs:BF9343_1448
A0A371A3H6	bfs:BF9343_1450
A0A380YXA4	bfs:BF9343_1452
A0A371A3G1	bfs:BF9343_1453
A0A371A3C8	bfs:BF9343_1454
A0A371A3C9	bfs:BF9343_1455
Q5LF58	bfs:BF9343_1459
Q5LF57	bfs:BF9343_1460
A0A380YYW6	bfs:BF9343_1462
Q5LF53	bfs:BF9343_1464
Q5LF49	bfs:BF9343_1468
Q5LF47	bfs:BF9343_1470
Q5LF43	bfs:BF9343_1474
Q5LF42	bfs:BF9343_1475
Q5LF41	bfs:BF9343_1476
Q5LF39	bfs:BF9343_1478
Q5LF37	bfs:BF9343_1480
Q5LF36	bfs:BF9343_1481
Q5LF35	bfs:BF9343_1482
A0A380YXC9	bfs:BF9343_1483
A0A149N8Z8	bfs:BF9343_1484
Q5LF32	bfs:BF9343_1485
A0A149N903	bfs:BF9343_1486
Q5LF30	bfs:BF9343_1487
Q5LF28	bfs:BF9343_1489
Q5LF23	bfs:BF9343_1494
A0A380YZ66	bfs:BF9343_1497
Q5LF16	bfs:BF9343_1502
Q5LF14	bfs:BF9343_1504
Q5LF13	bfs:BF9343_1505
Q5LF12	bfs:BF9343_1506
A0A380Z3E8	bfs:BF9343_1508
Q5LF09	bfs:BF9343_1509
A0A380YWX0	bfs:BF9343_1515
Q5LF02	bfs:BF9343_1516
Q5LEZ9	bfs:BF9343_1519
Q5LEZ5	bfs:BF9343_1523
A0A380YWX5	bfs:BF9343_1525
Q5LEZ2	bfs:BF9343_1526
Q5LEY7	bfs:BF9343_1531
Q5LEY6	bfs:BF9343_1532
Q5LEY3	bfs:BF9343_1535
Q5LEY2	bfs:BF9343_1536
Q5LEY1	bfs:BF9343_1537
Q5LEX8	bfs:BF9343_1540
Q5LEX7	bfs:BF9343_1541
A0A380YXK3	bfs:BF9343_1543
Q5LEX4	bfs:BF9343_1544
Q5LEX2	bfs:BF9343_1546
A0A380YX12	bfs:BF9343_1552
A0A380YYW1	bfs:BF9343_1554
A0A380YZC4	bfs:BF9343_1558
A0A380Z3K0	bfs:BF9343_1560
A0A380YZE0	bfs:BF9343_1578
Q5LES8	bfs:BF9343_1591
A0A380Z023	bfs:BF9343_1599
Q5LEP7	bfs:BF9343_1622
Q5LEP6	bfs:BF9343_1623
Q5LEP5	bfs:BF9343_1624
Q5LEP4	bfs:BF9343_1625
Q5LEP3	bfs:BF9343_1626
Q5LEP2	bfs:BF9343_1627
A0A380YXB0	bfs:BF9343_1628
Q5LEN7	bfs:BF9343_1632
Q5LEN5	bfs:BF9343_1634
Q5LEN3	bfs:BF9343_1637
Q5LEN1	bfs:BF9343_1639
Q5LEM5	bfs:BF9343_1645
Q5LEM2	bfs:BF9343_1648
Q5LEL5	bfs:BF9343_1655
Q5LEL2	bfs:BF9343_1658
Q5LEK7	bfs:BF9343_1663
Q5LEK6	bfs:BF9343_1664
Q5LEJ4	bfs:BF9343_1676
Q5LEI9	bfs:BF9343_1681
Q5LEI8	bfs:BF9343_1682
Q5LEI5	bfs:BF9343_1685
Q5LEI4	bfs:BF9343_1686
Q5LEH7	bfs:BF9343_1693
Q5LEH6	bfs:BF9343_1694
Q5LEH4	bfs:BF9343_1696
Q5LEH2	bfs:BF9343_1698
Q5LEH0	bfs:BF9343_1700
Q5LEG8	bfs:BF9343_1702
Q5LEG7	bfs:BF9343_1703
Q5LEG6	bfs:BF9343_1704
Q5LEF9	bfs:BF9343_1711
Q5LEF5	bfs:BF9343_1715
Q5LEF4	bfs:BF9343_1716
Q5LEF1	bfs:BF9343_1719
Q5LEF0	bfs:BF9343_1720
A0A1C0WEY0	bfs:BF9343_1721
Q5LEE8	bfs:BF9343_1722
Q5LEE7	bfs:BF9343_1723
Q5LEE6	bfs:BF9343_1724
Q5LEE5	bfs:BF9343_1725
Q5LEE3	bfs:BF9343_1727
Q5LEE2	bfs:BF9343_1728
Q5LEE1	bfs:BF9343_1729
A0A380Z412	bfs:BF9343_1730
Q5LED9	bfs:BF9343_1731
Q5LED5	bfs:BF9343_1735
Q5LEC7	bfs:BF9343_1743
Q5LEC6	bfs:BF9343_1744
Q5LEC5	bfs:BF9343_1745
Q5LEC0	bfs:BF9343_1750
Q5LEB9	bfs:BF9343_1751
Q5LEB8	bfs:BF9343_1752
Q5LEB7	bfs:BF9343_1754
Q5LEB6	bfs:BF9343_1755
Q5LEB5	bfs:BF9343_1756
Q5LEB1	bfs:BF9343_1760
Q5LEB0	bfs:BF9343_1761
A0A380YXQ0	bfs:BF9343_1763
Q5LEA5	bfs:BF9343_1766
Q5LEA4	bfs:BF9343_1767
Q5LEA3	bfs:BF9343_1768
Q5LE99	bfs:BF9343_1772
Q5LE98	bfs:BF9343_1773
Q5LE97	bfs:BF9343_1774
Q5LE94	bfs:BF9343_1777
Q5LE93	bfs:BF9343_1778
Q5LE92	bfs:BF9343_1779
Q5LE91	bfs:BF9343_1780
Q5LE90	bfs:BF9343_1781
Q5LE88	bfs:BF9343_1783
Q5LE87	bfs:BF9343_1784
Q5LE86	bfs:BF9343_1785
Q5LE85	bfs:BF9343_1786
Q5LE83	bfs:BF9343_1788
Q5LE82	bfs:BF9343_1789
Q5LE78	bfs:BF9343_1793
Q5LE77	bfs:BF9343_1794
Q5LE71	bfs:BF9343_1800
Q5LE69	bfs:BF9343_1802
Q5LE68	bfs:BF9343_1803
Q5LE65	bfs:BF9343_1806
Q5LE59	bfs:BF9343_1812
Q5LE58	bfs:BF9343_1813
Q5LE55	bfs:BF9343_1816
Q5LE49	bfs:BF9343_1822
Q5LE48	bfs:BF9343_1823
Q5LE46	bfs:BF9343_1825
Q5LE43	bfs:BF9343_1828
Q5LE40	bfs:BF9343_1831
Q5LE31	bfs:BF9343_1841
Q5LE30	bfs:BF9343_1842
Q5LE19	bfs:BF9343_1853
Q5LE16	bfs:BF9343_1856
Q5LE10	bfs:BF9343_1862
Q5LE09	bfs:BF9343_1863
Q5LE06	bfs:BF9343_1866
A0A380YXZ7	bfs:BF9343_1872
Q5LDZ2	bfs:BF9343_1881
Q5LDZ1	bfs:BF9343_1882
A0A380YYL4	bfs:BF9343_1894
A0A380Z060	bfs:BF9343_1895
A0A380YY03	bfs:BF9343_1896
Q5LDX4	bfs:BF9343_1900
Q5LDX3	bfs:BF9343_1901
Q5LDX2	bfs:BF9343_1902
Q5LDX1	bfs:BF9343_1903
Q5LDW5	bfs:BF9343_1909
Q5LDW3	bfs:BF9343_1911
Q5LDW2	bfs:BF9343_1912
Q5LDW1	bfs:BF9343_1913
Q5LDW0	bfs:BF9343_1914
Q5LDV9	bfs:BF9343_1915
Q5LDV6	bfs:BF9343_1918
Q5LDV5	bfs:BF9343_1919
Q5LDV4	bfs:BF9343_1920
Q5LDV1	bfs:BF9343_1923
A0A380YY58	bfs:BF9343_1924
Q5LDU9	bfs:BF9343_1925
A0A380Z096	bfs:BF9343_1926
A0A380YY29	bfs:BF9343_1927
Q5LDU6	bfs:BF9343_1928
A0A380Z0Z3	bfs:BF9343_1929
A0A380Z4M3	bfs:BF9343_1930
A0A380YYA5	bfs:BF9343_1931
A0A380YY68	bfs:BF9343_1933
Q5LDT7	bfs:BF9343_1937
Q5LDT5	bfs:BF9343_1939
Q5LDT4	bfs:BF9343_1940
Q5LDT0	bfs:BF9343_1944
Q5LDS9	bfs:BF9343_1945
Q5LDS8	bfs:BF9343_1946
Q5LDS7	bfs:BF9343_1947
Q5LDS4	bfs:BF9343_1951
Q5LDS3	bfs:BF9343_1952
A0A380Z035	bfs:BF9343_1954
Q5LDR8	bfs:BF9343_1957
Q5LDR5	bfs:BF9343_1961
Q5LDR4	bfs:BF9343_1962
Q5LDR3	bfs:BF9343_1963
Q5LDQ8	bfs:BF9343_1968
Q5LDQ5	bfs:BF9343_1971
Q5LDQ4	bfs:BF9343_1972
Q5LDQ3	bfs:BF9343_1974
Q5LDP9	bfs:BF9343_1978
Q5LDP8	bfs:BF9343_1979
A0A380YYF2	bfs:BF9343_1981
Q5LDP1	bfs:BF9343_1986
Q5LDN8	bfs:BF9343_1989
Q5LDN7	bfs:BF9343_1990
Q5LDN4	bfs:BF9343_1993
Q5LDN0	bfs:BF9343_1997
Q5LDM5	bfs:BF9343_2002
Q5LDM3	bfs:BF9343_2004
Q5LDL9	bfs:BF9343_2009
Q5LDL7	bfs:BF9343_2011
Q5LDL6	bfs:BF9343_2012
Q5LDL5	bfs:BF9343_2013
A0A380YYZ6	bfs:BF9343_2014
Q5LDL2	bfs:BF9343_2016
Q5LDK4	bfs:BF9343_2024
Q5LDK2	bfs:BF9343_2026
Q5LDK0	bfs:BF9343_2028
Q5LDJ9	bfs:BF9343_2029
Q5LDJ8	bfs:BF9343_2030
Q5LDJ7	bfs:BF9343_2031
Q5LDJ6	bfs:BF9343_2032
Q5LDJ5	bfs:BF9343_2033
Q5LDJ3	bfs:BF9343_2035
Q5LDJ2	bfs:BF9343_2036
Q5LDJ0	bfs:BF9343_2038
Q5LDI6	bfs:BF9343_2042
Q5LDI4	bfs:BF9343_2045
Q5LDI2	bfs:BF9343_2047
A0A380YYM5	bfs:BF9343_2050
Q5LDH7	bfs:BF9343_2052
A0A380YZ38	bfs:BF9343_2054
Q5LDH2	bfs:BF9343_2057
Q5LDG9	bfs:BF9343_2060
Q5LDG8	bfs:BF9343_2061
A0A380YZ50	bfs:BF9343_2063
Q5LDG2	bfs:BF9343_2067
Q5LDF9	bfs:BF9343_2070
Q5LDF6	bfs:BF9343_2073
A0A380Z0T6	bfs:BF9343_2077
Q5LDE3	bfs:BF9343_2086
Q5LDD4	bfs:BF9343_2095
Q5LDD2	bfs:BF9343_2097
Q5LDC5	bfs:BF9343_2104
Q5LDC4	bfs:BF9343_2105
A0A380Z550	bfs:BF9343_2108
Q5LDB5	bfs:BF9343_2114
Q5LDB3	bfs:BF9343_2116
Q5LDB1	bfs:BF9343_2118
A0A380YYT3	bfs:BF9343_2119
Q5LDA6	bfs:BF9343_2123
Q5LDA2	bfs:BF9343_2127
A0A380Z570	bfs:BF9343_2128
Q5LD98	bfs:BF9343_2131
Q5LD94	bfs:BF9343_2135
Q5LD80	bfs:BF9343_2149
A0A380Z0Q1	bfs:BF9343_2151
Q5LD76	bfs:BF9343_2153
Q5LD74	bfs:BF9343_2155
Q5LD72	bfs:BF9343_2157
Q5LD70	bfs:BF9343_2159
Q5LD68	bfs:BF9343_2161
Q5LD62	bfs:BF9343_2167
Q5LD61	bfs:BF9343_2168
Q5LD51	bfs:BF9343_2178
A0A380YZJ2	bfs:BF9343_2180
Q5LD47	bfs:BF9343_2182
A0A380Z1P2	bfs:BF9343_2183
Q5LD43	bfs:BF9343_2186
Q5LD33	bfs:BF9343_2197
Q5LD32	bfs:BF9343_2198
Q5LD31	bfs:BF9343_2199
Q5LD30	bfs:BF9343_2200
Q5LD28	bfs:BF9343_2202
Q5LD27	bfs:BF9343_2203
Q5LD26	bfs:BF9343_2204
Q5LD24	bfs:BF9343_2206
Q5LD23	bfs:BF9343_2207
Q5LD22	bfs:BF9343_2208
Q5LD21	bfs:BF9343_2209
A0A380YZ43	bfs:BF9343_2211
Q5LD18	bfs:BF9343_2212
Q5LD17	bfs:BF9343_2213
A0A380Z0Y1	bfs:BF9343_2214
Q5LD15	bfs:BF9343_2215
Q5LD13	bfs:BF9343_2217
Q5LD12	bfs:BF9343_2218
Q5LD11	bfs:BF9343_2219
Q5LD10	bfs:BF9343_2220
Q5LD08	bfs:BF9343_2222
A0A149NKR0	bfs:BF9343_2224
Q5LD05	bfs:BF9343_2225
Q5LD04	bfs:BF9343_2226
Q5LD01	bfs:BF9343_2229
Q5LCZ9	bfs:BF9343_2231
A0A380Z171	bfs:BF9343_2233
Q5LCZ2	bfs:BF9343_2238
Q5LCY9	bfs:BF9343_2241
Q5LCY7	bfs:BF9343_2243
Q5LCY6	bfs:BF9343_2244
Q5LCY5	bfs:BF9343_2245
Q5LCY2	bfs:BF9343_2250
A0A380YZ91	bfs:BF9343_2257
Q5LCX3	bfs:BF9343_2259
Q5LCX2	bfs:BF9343_2260
Q5LCX1	bfs:BF9343_2261
Q5LCW0	bfs:BF9343_2272
Q5LCV9	bfs:BF9343_2273
A0A380YZ88	bfs:BF9343_2281
Q5LCV0	bfs:BF9343_2282
Q5LCU9	bfs:BF9343_2283
Q5LCU5	bfs:BF9343_2287
Q5LCT7	bfs:BF9343_2295
Q5LCS9	bfs:BF9343_2303
Q5LCR9	bfs:BF9343_2313
Q5LCR4	bfs:BF9343_2319
Q5LCR1	bfs:BF9343_2322
Q5LCR0	bfs:BF9343_2323
Q5LCQ7	bfs:BF9343_2326
Q5LCQ5	bfs:BF9343_2328
Q5LCQ1	bfs:BF9343_2332
A0A0I9RSQ7	bfs:BF9343_2336
Q5LCP6	bfs:BF9343_2337
Q5LCP3	bfs:BF9343_2340
Q5LCN7	bfs:BF9343_2346
Q5LCM8	bfs:BF9343_2355
Q5LCM6	bfs:BF9343_2357
Q5LCL8	bfs:BF9343_2366
Q5LCL2	bfs:BF9343_2372
Q5LCL0	bfs:BF9343_2374
Q5LCK9	bfs:BF9343_2375
Q5LCK8	bfs:BF9343_2376
Q5LCK7	bfs:BF9343_2377
Q5LCJ9	bfs:BF9343_2385
Q5LCJ5	bfs:BF9343_2389
Q5LCJ2	bfs:BF9343_2392
Q5LCJ0	bfs:BF9343_2394
Q5LCI9	bfs:BF9343_2395
Q5LCI8	bfs:BF9343_2396
Q5LCI1	bfs:BF9343_2403
A0A380YZL9	bfs:BF9343_2406
Q5LCG8	bfs:BF9343_2416
Q5LCG5	bfs:BF9343_2419
Q5LCF4	bfs:BF9343_2430
Q5LCE8	bfs:BF9343_2436
Q5LCE5	bfs:BF9343_2439
Q5LCE4	bfs:BF9343_2440
Q5LCE2	bfs:BF9343_2442
Q5LCE0	bfs:BF9343_2444
Q5LCD3	bfs:BF9343_2451
Q5LCD1	bfs:BF9343_2453
Q5LCC6	bfs:BF9343_2458
A0A149N668	bfs:BF9343_2460
Q5LCC3	bfs:BF9343_2461
A0A380YZS6	bfs:BF9343_2462
A0A380YZQ4	bfs:BF9343_2466
Q5LCB7	bfs:BF9343_2467
A0A380Z2H2	bfs:BF9343_2468
Q5LCB5	bfs:BF9343_2469
A0A380YZQ5	bfs:BF9343_2471
Q5LCB1	bfs:BF9343_2473
Q5LC92	bfs:BF9343_2492
Q5LC91	bfs:BF9343_2494
Q5LC87	bfs:BF9343_2498
Q5LC75	bfs:BF9343_2510
Q5LC74	bfs:BF9343_2511
Q5LC73	bfs:BF9343_2512
Q5LC72	bfs:BF9343_2513
Q5LC71	bfs:BF9343_2514
Q5LC69	bfs:BF9343_2516
Q5LC68	bfs:BF9343_2517
Q5LC67	bfs:BF9343_2518
Q5LC66	bfs:BF9343_2519
Q5LC65	bfs:BF9343_2520
Q5LC64	bfs:BF9343_2521
Q5LC62	bfs:BF9343_2523
Q5LC59	bfs:BF9343_2526
Q5LC58	bfs:BF9343_2527
Q5LC55	bfs:BF9343_2530
Q5LC54	bfs:BF9343_2531
Q5LC22	bfs:BF9343_2563
Q5LC20	bfs:BF9343_2566
Q5LC18	bfs:BF9343_2568
Q5LC17	bfs:BF9343_2569
Q5LC15	bfs:BF9343_2571
Q5LC13	bfs:BF9343_2573
Q5LC12	bfs:BF9343_2574
Q5LC11	bfs:BF9343_2575
Q5LC10	bfs:BF9343_2576
Q5LC06	bfs:BF9343_2581
Q5LC01	bfs:BF9343_2586
Q5LBZ6	bfs:BF9343_2591
Q5LBZ0	bfs:BF9343_2597
A0A149N4U1	bfs:BF9343_2604
Q5LBX9	bfs:BF9343_2608
Q5LBX7	bfs:BF9343_2610
Q5LBW9	bfs:BF9343_2618
Q5LBW5	bfs:BF9343_2622
Q5LBW3	bfs:BF9343_2624
Q5LBV8	bfs:BF9343_2629
Q5LBV7	bfs:BF9343_2630
Q5LBV4	bfs:BF9343_2633
A0A381D6S6	bfs:BF9343_2635
Q5LBU8	bfs:BF9343_2639
Q5LBU7	bfs:BF9343_2640
Q5LBU6	bfs:BF9343_2641
Q5LBU5	bfs:BF9343_2642
Q5LBT9	bfs:BF9343_2648
A0A381D7D1	bfs:BF9343_2651
Q5LBS8	bfs:BF9343_2659
Q5LBS4	bfs:BF9343_2663
Q5LBS2	bfs:BF9343_2665
Q5LBR7	bfs:BF9343_2670
Q5LBR1	bfs:BF9343_2676
Q5LBQ9	bfs:BF9343_2678
Q5LBQ7	bfs:BF9343_2680
Q5LBP7	bfs:BF9343_2690
Q5LBP1	bfs:BF9343_2696
Q5LBP0	bfs:BF9343_2697
Q5LBN5	bfs:BF9343_2702
Q5LBM1	bfs:BF9343_2717
Q5LBL5	bfs:BF9343_2723
Q5LBK3	bfs:BF9343_2735
Q5LBK0	bfs:BF9343_2738
Q5LBJ9	bfs:BF9343_2739
Q5LBJ1	bfs:BF9343_2748
A0A380YNV5	bfs:BF9343_2749
Q5LBI9	bfs:BF9343_2750
Q5LBI8	bfs:BF9343_2751
Q5LBI6	bfs:BF9343_2753
Q5LBI5	bfs:BF9343_2754
Q5LBI0	bfs:BF9343_2759
Q5LBH6	bfs:BF9343_2763
Q5LBH4	bfs:BF9343_2765
Q5LBH2	bfs:BF9343_2767
A0A380YN30	bfs:BF9343_2771
Q5LBG5	bfs:BF9343_2774
Q5LBF8	bfs:BF9343_2781
Q5LBF7	bfs:BF9343_2782
A0A380YRB2	bfs:BF9343_2783
Q5LBF2	bfs:BF9343_2787
Q5LBD7	bfs:BF9343_2802
Q5LBD6	bfs:BF9343_2803
Q5LBD5	bfs:BF9343_2804
Q5LBD3	bfs:BF9343_2806
Q5LBD0	bfs:BF9343_2809
Q5LBC9	bfs:BF9343_2810
Q5LBC8	bfs:BF9343_2811
Q5LBC6	bfs:BF9343_2813
Q5LBC5	bfs:BF9343_2814
Q5LBC3	bfs:BF9343_2816
Q5LBC2	bfs:BF9343_2817
Q5LBC1	bfs:BF9343_2818
Q5LBB9	bfs:BF9343_2820
Q5LBA7	bfs:BF9343_2834
Q5LB96	bfs:BF9343_2845
Q5LB92	bfs:BF9343_2849
Q5LB90	bfs:BF9343_2851
Q5LB61	bfs:BF9343_2880
A0A380YRL5	bfs:BF9343_2887
A0A380YNM9	bfs:BF9343_2890
Q5LB49	bfs:BF9343_2892
Q5LB46	bfs:BF9343_2895
Q5LB45	bfs:BF9343_2896
Q5LB42	bfs:BF9343_2899
Q5LB39	bfs:BF9343_2902
Q5LB37	bfs:BF9343_2904
Q5LB36	bfs:BF9343_2905
Q5LB32	bfs:BF9343_2909
Q5LB28	bfs:BF9343_2913
Q5LB27	bfs:BF9343_2914
Q5LB24	bfs:BF9343_2917
Q5LB22	bfs:BF9343_2919
Q5LB18	bfs:BF9343_2923
Q5LB08	bfs:BF9343_2933
Q5LB04	bfs:BF9343_2937
Q5LB03	bfs:BF9343_2938
Q5LAZ9	bfs:BF9343_2942
Q5LAZ8	bfs:BF9343_2943
Q5LAY9	bfs:BF9343_2952
Q5LAY8	bfs:BF9343_2953
A0A380YR22	bfs:BF9343_2956
Q5LAX9	bfs:BF9343_2962
A0A380YR05	bfs:BF9343_2963
Q5LAX6	bfs:BF9343_2966
A0A380YVB0	bfs:BF9343_2967
Q5LAX4	bfs:BF9343_2968
Q5LAX3	bfs:BF9343_2969
Q5LAW9	bfs:BF9343_2973
A0A380YQN0	bfs:BF9343_2981
Q5LAW0	bfs:BF9343_2982
A0A380YR21	bfs:BF9343_2984
Q5LAV7	bfs:BF9343_2985
Q5LAV2	bfs:BF9343_2990
Q5LAU8	bfs:BF9343_2994
Q5LAU4	bfs:BF9343_2998
Q5LAU0	bfs:BF9343_3002
Q5LAT8	bfs:BF9343_3004
Q5LAT6	bfs:BF9343_3006
Q5LAT5	bfs:BF9343_3007
Q5LAT2	bfs:BF9343_3010
A0A380YNS6	bfs:BF9343_3011
Q5LAT0	bfs:BF9343_3012
Q5LAS8	bfs:BF9343_3014
Q5LAS5	bfs:BF9343_3017
Q5LAR9	bfs:BF9343_3023
Q5LAR7	bfs:BF9343_3025
Q5LAR4	bfs:BF9343_3028
Q5LAR3	bfs:BF9343_3029
Q5LAR0	bfs:BF9343_3032
Q5LAQ7	bfs:BF9343_3035
Q5LAQ4	bfs:BF9343_3038
Q5LAQ2	bfs:BF9343_3040
Q5LAQ0	bfs:BF9343_3042
Q5LAP1	bfs:BF9343_3051
Q5LAN7	bfs:BF9343_3055
A0A380YRD5	bfs:BF9343_3056
Q5LAN5	bfs:BF9343_3057
A0A380YVJ9	bfs:BF9343_3058
Q5LAN3	bfs:BF9343_3059
Q5LAN0	bfs:BF9343_3062
Q5LAM9	bfs:BF9343_3063
A0A380YP46	bfs:BF9343_3070
Q5LAL4	bfs:BF9343_3078
Q5LAL3	bfs:BF9343_3079
Q5LAK8	bfs:BF9343_3084
Q5LAK6	bfs:BF9343_3086
Q5LAK4	bfs:BF9343_3088
Q5LAK1	bfs:BF9343_3091
A0A380YP08	bfs:BF9343_3095
A0A380YVP7	bfs:BF9343_3097
A0A380YP31	bfs:BF9343_3099
Q5LAJ1	bfs:BF9343_3101
Q5LAI6	bfs:BF9343_3106
Q5LAI5	bfs:BF9343_3107
Q5LAI0	bfs:BF9343_3112
A0A380YS88	bfs:BF9343_3114
A0A380YVR2	bfs:BF9343_3115
Q5LAH3	bfs:BF9343_3119
A0A380YRM3	bfs:BF9343_3123
Q5LAG8	bfs:BF9343_3124
Q5LAG6	bfs:BF9343_3126
Q5LAG1	bfs:BF9343_3131
Q5LAF8	bfs:BF9343_3134
Q5LAF4	bfs:BF9343_3138
Q5LAE2	bfs:BF9343_3150
Q5LAE1	bfs:BF9343_3151
Q5LAE0	bfs:BF9343_3152
Q5LAD3	bfs:BF9343_3159
Q5LAD1	bfs:BF9343_3161
Q5LAB9	bfs:BF9343_3173
Q5LAA5	bfs:BF9343_3187
Q5LAA4	bfs:BF9343_3188
Q5LAA2	bfs:BF9343_3190
Q5LA99	bfs:BF9343_3194
Q5LA98	bfs:BF9343_3195
Q5LA96	bfs:BF9343_3197
Q5LA95	bfs:BF9343_3198
Q5LA94	bfs:BF9343_3199
Q5LA93	bfs:BF9343_3200
Q5LA91	bfs:BF9343_3202
Q5LA90	bfs:BF9343_3203
Q5LA85	bfs:BF9343_3208
Q5LA84	bfs:BF9343_3209
Q5LA83	bfs:BF9343_3210
Q5LA82	bfs:BF9343_3211
Q5LA81	bfs:BF9343_3212
Q5LA79	bfs:BF9343_3214
Q5LA78	bfs:BF9343_3215
A0A380YQ77	bfs:BF9343_3216
Q5LA76	bfs:BF9343_3217
A0A380YPE7	bfs:BF9343_3218
Q5LA71	bfs:BF9343_3222
Q5LA70	bfs:BF9343_3223
A0A380YRE1	bfs:BF9343_3224
Q5LA60	bfs:BF9343_3233
Q5LA58	bfs:BF9343_3235
Q5LA54	bfs:BF9343_3239
Q5LA53	bfs:BF9343_3240
A0A380YPG9	bfs:BF9343_3243
Q5LA46	bfs:BF9343_3247
Q5LA40	bfs:BF9343_3253
A0A380YRJ2	bfs:BF9343_3254
Q5LA32	bfs:BF9343_3261
Q5LA29	bfs:BF9343_3264
Q5LA25	bfs:BF9343_3268
Q5LA24	bfs:BF9343_3269
Q5LA18	bfs:BF9343_3276
Q5LA12	bfs:BF9343_3282
Q5LA11	bfs:BF9343_3283
Q5LA07	bfs:BF9343_3287
Q5LA02	bfs:BF9343_3293
Q5L9Z8	bfs:BF9343_3297
Q5L9Z7	bfs:BF9343_3298
Q5L9Z3	bfs:BF9343_3302
A0A380YPP4	bfs:BF9343_3303
A0A380YPQ4	bfs:BF9343_3311
Q5L9X8	bfs:BF9343_3317
A0A380YPS5	bfs:BF9343_3319
Q5L9X3	bfs:BF9343_3322
Q5L9X2	bfs:BF9343_3323
A0A380YSV3	bfs:BF9343_3325
Q5L9W9	bfs:BF9343_3326
Q5L9W8	bfs:BF9343_3327
Q5L9W7	bfs:BF9343_3328
Q5L9W6	bfs:BF9343_3329
A0A380YWE2	bfs:BF9343_3335
A0A380YPV1	bfs:BF9343_3338
A0A380YRW3	bfs:BF9343_3339
A0A380YQK4	bfs:BF9343_3340
Q5L9U2	bfs:BF9343_3354
Q5L9U1	bfs:BF9343_3355
Q5L9T9	bfs:BF9343_3357
Q5L9T8	bfs:BF9343_3358
Q5L9T5	bfs:BF9343_3361
Q5L9T3	bfs:BF9343_3363
Q5L9T2	bfs:BF9343_3364
A0A380YSC7	bfs:BF9343_3365
A0A380YWH7	bfs:BF9343_3367
Q5L9S8	bfs:BF9343_3368
Q5L9S7	bfs:BF9343_3369
A0A380YS76	bfs:BF9343_3373
Q5L9S2	bfs:BF9343_3374
Q5L9R8	bfs:BF9343_3378
Q5L9R7	bfs:BF9343_3379
Q5L9R2	bfs:BF9343_3384
A0A380YT19	bfs:BF9343_3395
Q5L9Q0	bfs:BF9343_3396
Q5L9P6	bfs:BF9343_3400
Q5L9P5	bfs:BF9343_3401
Q5L9M8	bfs:BF9343_3418
A0A380YQD2	bfs:BF9343_3424
Q5L9M0	bfs:BF9343_3426
Q5L9L3	bfs:BF9343_3433
Q5L9K7	bfs:BF9343_3439
Q5L9K0	bfs:BF9343_3446
Q5L9J7	bfs:BF9343_3449
Q5L9J6	bfs:BF9343_3450
Q5L9J5	bfs:BF9343_3451
Q5L9J4	bfs:BF9343_3452
Q5L9I8	bfs:BF9343_3458
Q5L9I7	bfs:BF9343_3459
Q5L9I5	bfs:BF9343_3461
Q5L9H9	bfs:BF9343_3467
Q5L9H7	bfs:BF9343_3469
Q5L9H5	bfs:BF9343_3471
Q5L9H2	bfs:BF9343_3474
Q5L9H1	bfs:BF9343_3475
Q5L9G8	bfs:BF9343_3478
Q5L9G6	bfs:BF9343_3480
Q5L9G5	bfs:BF9343_3481
Q5L9G1	bfs:BF9343_3485
Q5L9F6	bfs:BF9343_3491
Q5L9E7	bfs:BF9343_3500
Q5L9D8	bfs:BF9343_3509
Q5L9D6	bfs:BF9343_3511
Q5L9D1	bfs:BF9343_3516
Q5L9C9	bfs:BF9343_3518
Q5L9C7	bfs:BF9343_3520
Q5L9C4	bfs:BF9343_3523
Q5L9C2	bfs:BF9343_3525
Q5L9C0	bfs:BF9343_3527
Q5L9B1	bfs:BF9343_3536
Q5L9A8	bfs:BF9343_3539
Q5L9A1	bfs:BF9343_3547
Q5L9A0	bfs:BF9343_3548
A0A380YTI0	bfs:BF9343_3554
Q5L991	bfs:BF9343_3558
Q5L990	bfs:BF9343_3559
Q5L986	bfs:BF9343_3563
Q5L983	bfs:BF9343_3566
Q5L981	bfs:BF9343_3568
Q5L977	bfs:BF9343_3572
Q5L971	bfs:BF9343_3578
Q5L969	bfs:BF9343_3582
Q5L968	bfs:BF9343_3583
Q5L967	bfs:BF9343_3584
A0A380YR47	bfs:BF9343_3586
A0A380YQV4	bfs:BF9343_3587
Q5L962	bfs:BF9343_3589
Q5L959	bfs:BF9343_3592
Q5L958	bfs:BF9343_3593
Q5L956	bfs:BF9343_3595
Q5L955	bfs:BF9343_3596
Q5L954	bfs:BF9343_3597
Q5L953	bfs:BF9343_3598
Q5L952	bfs:BF9343_3599
Q5L948	bfs:BF9343_3603
Q5L944	bfs:BF9343_3607
Q5L940	bfs:BF9343_3611
A0A380YSY4	bfs:BF9343_3612
Q5L937	bfs:BF9343_3614
Q5L931	bfs:BF9343_3620
Q5L929	bfs:BF9343_3622
Q5L918	bfs:BF9343_3633
Q5L917	bfs:BF9343_3634
Q5L901	bfs:BF9343_3650
A0A380YSS8	bfs:BF9343_3652
A0A380YTT8	bfs:BF9343_3657
Q5L8Z0	bfs:BF9343_3661
A0A380YT33	bfs:BF9343_3664
Q5L8Y5	bfs:BF9343_3666
Q5L8Y4	bfs:BF9343_3667
A0A380YRG7	bfs:BF9343_3673
A0A380YT44	bfs:BF9343_3674
Q5L8X6	bfs:BF9343_3675
Q5L8W9	bfs:BF9343_3682
Q5L8W1	bfs:BF9343_3690
Q5L8V9	bfs:BF9343_3692
Q5L8V6	bfs:BF9343_3695
Q5L8V4	bfs:BF9343_3697
A0A380YRD9	bfs:BF9343_3700
Q5L8U8	bfs:BF9343_3703
A0A380YRE7	bfs:BF9343_3709
Q5L8U0	bfs:BF9343_3711
Q5L8T9	bfs:BF9343_3712
Q5L8T7	bfs:BF9343_3714
Q5L8T6	bfs:BF9343_3715
Q5L8T4	bfs:BF9343_3718
Q5L8T3	bfs:BF9343_3719
Q5L8T1	bfs:BF9343_3721
A0A380YRL0	bfs:BF9343_3723
Q5L8S8	bfs:BF9343_3724
Q5L8S6	bfs:BF9343_3726
Q5L8S5	bfs:BF9343_3727
Q5L8S0	bfs:BF9343_3732
Q5L8R8	bfs:BF9343_3734
Q5L8R5	bfs:BF9343_3737
Q5L8R4	bfs:BF9343_3738
Q5L8R3	bfs:BF9343_3739
Q5L8R0	bfs:BF9343_3742
Q5L8Q7	bfs:BF9343_3745
Q5L8Q6	bfs:BF9343_3746
Q5L8Q5	bfs:BF9343_3747
Q5L8Q4	bfs:BF9343_3748
Q5L8Q3	bfs:BF9343_3749
Q5L8Q0	bfs:BF9343_3752
Q5L8P9	bfs:BF9343_3753
Q5L8P8	bfs:BF9343_3754
Q5L8P6	bfs:BF9343_3756
Q5L8P5	bfs:BF9343_3757
Q5L8P4	bfs:BF9343_3758
Q5L8P3	bfs:BF9343_3759
Q5L8P2	bfs:BF9343_3760
Q5L8P0	bfs:BF9343_3762
Q5L8N9	bfs:BF9343_3763
Q5L8N8	bfs:BF9343_3764
Q5L8N6	bfs:BF9343_3768
Q5L8N2	bfs:BF9343_3774
Q5L8M8	bfs:BF9343_3778
Q5L8M5	bfs:BF9343_3781
Q5L8M3	bfs:BF9343_3783
Q5L8M0	bfs:BF9343_3786
A0A380YRD6	bfs:BF9343_3814
Q5L8I6	bfs:BF9343_3820
Q5L8H6	bfs:BF9343_3830
A0A380YRG9	bfs:BF9343_3838
Q5L8G0	bfs:BF9343_3846
Q5L8F6	bfs:BF9343_3851
Q5L8E3	bfs:BF9343_3864
Q5L8D8	bfs:BF9343_3869
Q5L899	bfs:BF9343_3908
Q5L895	bfs:BF9343_3912
Q5L886	bfs:BF9343_3921
Q5L880	bfs:BF9343_3927
A0A380YRP7	bfs:BF9343_3942
Q5L867	bfs:BF9343_3945
A0A380YS03	bfs:BF9343_3950
Q5L861	bfs:BF9343_3951
Q5L857	bfs:BF9343_3955
Q5L845	bfs:BF9343_3971
Q5L838	bfs:BF9343_3978
Q5L836	bfs:BF9343_3980
Q5L834	bfs:BF9343_3982
Q5L833	bfs:BF9343_3983
Q5L832	bfs:BF9343_3984
Q5L829	bfs:BF9343_3987
Q5L825	bfs:BF9343_3991
Q5L824	bfs:BF9343_3992
Q5L819	bfs:BF9343_3997
Q5L815	bfs:BF9343_4001
A0A380YU22	bfs:BF9343_4004
A0A380YRY7	bfs:BF9343_4005
Q5L810	bfs:BF9343_4006
Q5L809	bfs:BF9343_4007
Q5L808	bfs:BF9343_4008
Q5L803	bfs:BF9343_4013
Q5L7Z3	bfs:BF9343_4025
Q5L7Z2	bfs:BF9343_4026
Q5L7Z1	bfs:BF9343_4027
Q5L7Y9	bfs:BF9343_4029
A0A380YSG4	bfs:BF9343_4031
A0A380YU57	bfs:BF9343_4043
Q5L7X1	bfs:BF9343_4047
Q5L7X0	bfs:BF9343_4048
Q5L7W9	bfs:BF9343_4049
Q5L7W7	bfs:BF9343_4051
Q5L7W2	bfs:BF9343_4056
A0A380YS74	bfs:BF9343_4057
Q5L7W0	bfs:BF9343_4058
Q5L7V8	bfs:BF9343_4060
Q5L7V7	bfs:BF9343_4061
Q5L7V6	bfs:BF9343_4062
Q5L7V5	bfs:BF9343_4063
Q5L7V4	bfs:BF9343_4064
Q5L7U9	bfs:BF9343_4069
Q5L7U8	bfs:BF9343_4070
Q5L7U7	bfs:BF9343_4071
Q5L7U5	bfs:BF9343_4073
Q5L7U3	bfs:BF9343_4075
Q5L7U2	bfs:BF9343_4076
Q5L7T4	bfs:BF9343_4084
Q5L7T2	bfs:BF9343_4086
Q5L7T1	bfs:BF9343_4087
Q5L7S5	bfs:BF9343_4093
Q5L7S0	bfs:BF9343_4098
Q5L7R9	bfs:BF9343_4099
A0A370ZZH5	bfs:BF9343_4102
Q5L7R1	bfs:BF9343_4108
A0A380YUG4	bfs:BF9343_4109
Q5L7Q9	bfs:BF9343_4110
Q5L7Q8	bfs:BF9343_4111
Q5L7P9	bfs:BF9343_4120
Q5L7P7	bfs:BF9343_4122
Q5L7P6	bfs:BF9343_4123
Q5L7P3	bfs:BF9343_4126
Q5L7P0	bfs:BF9343_4129
Q5L7M8	bfs:BF9343_4141
Q5L7M6	bfs:BF9343_4143
Q5L7M5	bfs:BF9343_4144
Q5L7M1	bfs:BF9343_4148
Q5L7L8	bfs:BF9343_4151
A0A380YU76	bfs:BF9343_4156
A0A380YYS4	bfs:BF9343_4162
A0A380YSJ4	bfs:BF9343_4165
Q5L7K1	bfs:BF9343_4170
Q5L7K0	bfs:BF9343_4171
Q5L7J9	bfs:BF9343_4172
Q5L7J6	bfs:BF9343_4175
Q5L7J3	bfs:BF9343_4178
Q5L7I8	bfs:BF9343_4183
Q5L7I4	bfs:BF9343_4187
Q5L7H9	bfs:BF9343_4192
Q5L7H5	bfs:BF9343_4196
Q5L7H0	bfs:BF9343_4201
Q5L7G6	bfs:BF9343_4205
Q5L7G5	bfs:BF9343_4206
A0A380YSY6	bfs:BF9343_4208
A0A380YVF0	bfs:BF9343_4212
Q5L7F8	bfs:BF9343_4213
Q5L7F7	bfs:BF9343_4214
Q5L7E3	bfs:BF9343_4228
Q5L7E2	bfs:BF9343_4229
A0A380YVH6	bfs:BF9343_4231
A0A380YSL3	bfs:BF9343_4245
Q5L7B5	bfs:BF9343_4256
Q5L7B4	bfs:BF9343_4257
A0A371A3M1	bfs:BF9343_1389
Q5LDB2	bfs:BF9343_2117
Q5L8Y2	bfs:BF9343_3669
Q5CZD5	bfs:BF9343_p34
A0A370ZWN3	bfs:BF9343_p01
A0A381D919	bfs:BF9343_p35
Q5CZD6	bfs:BF9343_p33
A0A370ZX05	bfs:BF9343_p32
A0A381D927	bfs:BF9343_p02
A0A381D9A2	bfs:BF9343_p07
A0A0I9S151	bfs:BF9343_p05
A0A370ZWQ1	bfs:BF9343_p16
Q5CZF5	bfs:BF9343_p13
A0A370ZXI1	bfs:BF9343_p48
A0A381D8Z5	bfs:BF9343_p37
A0A381D9V4	bfs:BF9343_p36
Q5CZD1	bfs:BF9343_p38
Q5CZD0	bfs:BF9343_p39
A0A381D8L8	bfs:BF9343_p41
A0A381D930	bfs:BF9343_p42
A0A381D8M6	bfs:BF9343_p46
A0A370ZWX2	bfs:BF9343_p47
A0A381D8P7	bfs:BF9343_p10
A0A381D8N5	bfs:BF9343_p12
Q5CZD8	bfs:BF9343_p31
A0A381D918	bfs:BF9343_p03
Q5CZG4	bfs:BF9343_p04
A0A381D911	bfs:BF9343_p06
Q5CZG0	bfs:BF9343_p08
Q5CZF4	bfs:BF9343_p14
A0A381D9N6	bfs:BF9343_p15
A0A381DA01	bfs:BF9343_p17
A0A381D9D3	bfs:BF9343_p18
A0A381D9I4	bfs:BF9343_p23
A0A381D984	bfs:BF9343_p24
A0A381D9A1	bfs:BF9343_p25
A0A381D925	bfs:BF9343_p26
Q5CZE2	bfs:BF9343_p27
Q5CZE1	bfs:BF9343_p28
Q5CZE0	bfs:BF9343_p29
Q5CZD9	bfs:BF9343_p30
A0A381D9V1	bfs:BF9343_p40
A0A381D917	bfs:BF9343_p43
A0A381D8X2	bfs:BF9343_p45
