"","x"
"1",NA
"2",NA
"3",NA
"4",NA
"5",NA
"6",NA
"7",NA
"8",NA
"9",NA
"10",NA
"11",NA
"12",NA
"13",NA
"14",NA
"15",NA
"16",NA
"17",NA
"18","NP_414542.1"
"19","NP_414543.1"
"20","NP_414544.1"
"21","NP_414545.1"
"22","NP_414546.1"
"23","NP_414547.1"
"24","NP_414548.1"
"25","NP_414549.1"
"26","NP_414550.1"
"27","NP_414551.1"
"28","NP_414552.1"
"29","NP_414554.1"
"30","NP_414555.1"
"31","NP_414556.1"
"32","NP_414557.1"
"33","NP_414559.1"
"34","NP_414560.1"
"35","NP_414561.1"
"36","NP_414562.1"
"37","NP_414563.1"
"38","NP_414564.1"
"39","NP_414565.1"
"40","NP_414566.1"
"41","NP_414567.1"
"42","NP_414568.1"
"43","NP_414569.1"
"44","NP_414570.1"
"45","NP_414571.1"
"46","NP_414572.1"
"47","NP_414573.1"
"48","NP_414574.1"
"49","NP_414576.4"
"50","NP_414577.2"
"51","NP_414578.2"
"52","NP_414579.4"
"53","NP_414580.1"
"54","NP_414581.1"
"55","NP_414582.1"
"56","NP_414583.2"
"57","NP_414584.1"
"58","NP_414585.1"
"59","NP_414586.1"
"60","NP_414587.1"
"61","NP_414588.1"
"62","NP_414589.1"
"63","NP_414590.1"
"64","NP_414591.1"
"65","NP_414592.1"
"66","NP_414593.1"
"67","NP_414594.1"
"68","NP_414595.1"
"69","NP_414596.1"
"70","NP_414597.1"
"71","NP_414600.1"
"72","NP_414601.1"
"73","NP_414602.1"
"74","NP_414603.1"
"75","NP_414604.1"
"76","NP_414605.1"
"77","NP_414606.1"
"78","NP_414607.1"
"79","NP_414608.1"
"80","NP_414609.1"
"81","NP_414610.1"
"82","NP_414611.1"
"83","NP_414613.1"
"84","NP_414614.1"
"85","NP_414615.4"
"86","NP_414616.1"
"87","NP_414617.1"
"88","NP_414618.4"
"89","NP_414620.1"
"90","NP_414622.1"
"91","NP_414623.1"
"92","NP_414624.1"
"93","NP_414625.1"
"94","NP_414626.1"
"95","NP_414627.1"
"96","NP_414628.1"
"97","NP_414629.1"
"98","NP_414630.1"
"99","NP_414631.1"
"100","NP_414632.1"
"101","NP_414633.1"
"102","NP_414634.1"
"103","NP_414635.1"
"104","NP_414636.1"
"105","NP_414637.1"
"106","NP_414638.1"
"107","NP_414639.2"
"108","NP_414640.1"
"109","NP_414641.1"
"110","NP_414643.1"
"111","NP_414644.1"
"112","NP_414645.1"
"113","NP_414646.1"
"114","NP_414648.1"
"115","NP_414649.1"
"116","NP_414650.1"
"117","NP_414651.1"
"118","NP_414652.1"
"119","NP_414653.1"
"120","NP_414654.1"
"121","NP_414655.1"
"122","NP_414656.1"
"123","NP_414657.1"
"124","NP_414658.1"
"125","NP_414659.1"
"126","NP_414660.1"
"127","NP_414661.2"
"128","NP_414662.1"
"129","NP_414663.1"
"130","NP_414664.4"
"131","NP_414665.1"
"132","NP_414666.1"
"133","NP_414667.4"
"134","NP_414668.1"
"135","NP_414669.1"
"136","NP_414670.1"
"137","NP_414671.1"
"138","NP_414672.1"
"139","NP_414673.1"
"140","NP_414674.1"
"141","NP_414675.1"
"142","NP_414676.1"
"143","NP_414677.1"
"144","NP_414678.1"
"145","NP_414679.1"
"146","NP_414680.4"
"147","NP_414681.1"
"148","NP_414682.1"
"149","NP_414683.1"
"150","NP_414684.1"
"151","NP_414685.4"
"152","NP_414686.3"
"153","NP_414687.1"
"154","NP_414688.1"
"155","NP_414689.4"
"156","NP_414690.4"
"157","NP_414691.1"
"158","NP_414692.1"
"159","NP_414693.1"
"160","NP_414694.1"
"161","NP_414695.1"
"162","NP_414696.1"
"163","NP_414697.1"
"164","NP_414698.1"
"165","NP_414699.1"
"166","NP_414700.1"
"167","NP_414701.1"
"168","NP_414702.1"
"169","NP_414703.1"
"170","NP_414704.4"
"171","NP_414705.1"
"172","NP_414706.2"
"173","NP_414708.1"
"174","NP_414709.1"
"175","NP_414710.1"
"176","NP_414711.1"
"177","NP_414712.1"
"178","NP_414713.1"
"179","NP_414714.1"
"180","NP_414715.1"
"181","NP_414716.1"
"182","NP_414717.2"
"183","NP_414718.1"
"184","NP_414719.1"
"185","NP_414720.1"
"186","NP_414721.1"
"187","NP_414722.1"
"188","NP_414723.1"
"189","NP_414724.1"
"190","NP_414725.1"
"191","NP_414726.1"
"192","NP_414727.1"
"193","NP_414728.1"
"194","NP_414729.4"
"195","NP_414730.1"
"196","NP_414731.2"
"197","NP_414732.1"
"198","NP_414733.1"
"199","NP_414734.1"
"200","NP_414735.4"
"201","NP_414736.1"
"202","NP_414737.1"
"203","NP_414738.1"
"204","NP_414739.1"
"205","NP_414740.1"
"206","NP_414741.1"
"207","NP_414742.1"
"208","NP_414743.1"
"209","NP_414744.1"
"210","NP_414745.1"
"211","NP_414746.1"
"212","NP_414747.1"
"213","NP_414748.1"
"214","NP_414749.2"
"215","NP_414750.1"
"216","NP_414751.1"
"217","NP_414752.1"
"218","NP_414754.1"
"219","NP_414755.1"
"220","NP_414756.2"
"221","NP_414757.1"
"222","NP_414758.1"
"223","NP_414759.1"
"224","NP_414760.1"
"225","NP_414761.1"
"226","NP_414762.1"
"227","NP_414763.1"
"228","NP_414766.1"
"229","NP_414767.1"
"230","NP_414768.1"
"231","NP_414769.1"
"232","NP_414772.1"
"233","NP_414773.1"
"234","NP_414774.1"
"235","NP_414776.1"
"236","NP_414777.1"
"237","NP_414778.1"
"238","NP_414779.1"
"239","NP_414780.1"
"240","NP_414781.1"
"241","NP_414782.1"
"242","NP_414783.1"
"243","NP_414784.1"
"244","NP_414785.4"
"245","NP_414786.4"
"246","NP_414787.4"
"247","NP_414788.1"
"248","NP_414790.1"
"249","NP_414793.2"
"250","NP_414794.4"
"251","NP_414795.1"
"252","NP_414796.2"
"253","NP_414798.1"
"254","NP_414799.1"
"255","NP_414801.1"
"256","NP_414802.2"
"257","NP_414803.1"
"258","NP_414804.1"
"259","NP_414805.1"
"260","NP_414806.1"
"261","NP_414807.1"
"262","NP_414808.1"
"263","NP_414809.1"
"264","NP_414811.1"
"265","NP_414812.1"
"266","NP_414813.1"
"267","NP_414814.1"
"268","NP_414815.1"
"269","NP_414817.1"
"270","NP_414818.1"
"271","NP_414819.1"
"272","NP_414820.1"
"273","NP_414821.1"
"274","NP_414822.1"
"275","NP_414823.2"
"276","NP_414824.1"
"277","NP_414825.1"
"278","NP_414826.1"
"279","NP_414827.1"
"280","NP_414828.1"
"281","NP_414829.1"
"282","NP_414830.1"
"283","NP_414832.2"
"284","NP_414833.1"
"285","NP_414835.2"
"286","NP_414837.2"
"287","NP_414838.2"
"288","NP_414839.1"
"289","NP_414840.1"
"290","NP_414841.1"
"291","NP_414842.4"
"292","NP_414844.1"
"293","NP_414845.1"
"294","NP_414846.1"
"295","NP_414847.3"
"296","NP_414848.1"
"297","NP_414849.1"
"298","NP_414850.1"
"299","NP_414851.1"
"300","NP_414852.1"
"301","NP_414853.1"
"302","NP_414854.1"
"303","NP_414855.1"
"304","NP_414857.1"
"305","NP_414858.1"
"306","NP_414859.1"
"307","NP_414860.1"
"308","NP_414861.2"
"309","NP_414862.1"
"310","NP_414863.1"
"311","NP_414864.1"
"312","NP_414865.1"
"313","NP_414867.1"
"314","NP_414868.1"
"315","NP_414869.1"
"316","NP_414870.1"
"317","NP_414871.1"
"318","NP_414872.3"
"319","NP_414873.1"
"320","NP_414874.1"
"321","NP_414875.1"
"322","NP_414876.1"
"323","NP_414877.1"
"324","NP_414878.1"
"325","NP_414879.3"
"326","NP_414880.2"
"327","NP_414881.1"
"328","NP_414882.1"
"329","NP_414883.5"
"330","NP_414884.2"
"331","NP_414885.1"
"332","NP_414886.1"
"333","NP_414887.2"
"334","NP_414888.4"
"335","NP_414889.1"
"336","NP_414890.1"
"337","NP_414891.4"
"338","NP_414892.1"
"339","NP_414894.2"
"340","NP_414895.1"
"341","NP_414897.1"
"342","NP_414898.4"
"343","NP_414899.2"
"344","NP_414900.1"
"345","NP_414901.1"
"346","NP_414902.1"
"347","NP_414903.4"
"348","NP_414906.1"
"349","NP_414907.2"
"350","NP_414909.2"
"351","NP_414910.1"
"352","NP_414911.1"
"353","NP_414912.1"
"354","NP_414913.1"
"355","NP_414914.2"
"356","NP_414915.1"
"357","NP_414916.1"
"358","NP_414917.2"
"359","NP_414918.4"
"360","NP_414919.1"
"361","NP_414920.1"
"362","NP_414921.2"
"363","NP_414922.1"
"364","NP_414923.1"
"365","NP_414924.1"
"366","NP_414925.1"
"367","NP_414927.1"
"368","NP_414928.2"
"369","NP_414930.3"
"370","NP_414931.1"
"371","NP_414932.1"
"372","NP_414933.1"
"373","NP_414934.1"
"374","NP_414935.1"
"375","NP_414936.1"
"376","NP_414937.2"
"377","NP_414938.1"
"378","NP_414939.1"
"379","NP_414940.1"
"380","NP_414941.1"
"381","NP_414942.1"
"382","NP_414943.1"
"383","NP_414944.1"
"384","NP_414945.1"
"385","NP_414946.4"
"386","NP_414947.1"
"387","NP_414948.1"
"388","NP_414949.1"
"389","NP_414950.1"
"390","NP_414951.1"
"391","NP_414952.1"
"392","NP_414953.2"
"393","NP_414954.1"
"394","NP_414955.1"
"395","NP_414956.1"
"396","NP_414957.1"
"397","NP_414958.4"
"398","NP_414959.1"
"399","NP_414960.2"
"400","NP_414961.4"
"401","NP_414962.1"
"402","NP_414963.1"
"403","NP_414964.1"
"404","NP_414965.1"
"405","NP_414966.1"
"406","NP_414967.1"
"407","NP_414968.4"
"408","NP_414969.4"
"409","NP_414970.1"
"410","NP_414971.1"
"411","NP_414972.1"
"412","NP_414973.1"
"413","NP_414974.1"
"414","NP_414975.1"
"415","NP_414976.1"
"416","NP_414977.1"
"417","NP_414978.1"
"418","NP_414979.1"
"419","NP_414980.2"
"420","NP_414981.4"
"421","NP_414982.1"
"422","NP_414983.1"
"423","NP_414984.1"
"424","NP_414985.1"
"425","NP_414986.1"
"426","NP_414987.3"
"427","NP_414988.1"
"428","NP_414989.1"
"429","NP_414990.2"
"430","NP_414991.4"
"431","NP_414992.1"
"432","NP_414993.1"
"433","NP_414994.1"
"434","NP_414995.1"
"435","NP_414996.1"
"436","NP_414997.1"
"437","NP_414998.1"
"438","NP_414999.1"
"439","NP_415000.1"
"440","NP_415001.1"
"441","NP_415002.1"
"442","NP_415003.1"
"443","NP_415004.1"
"444","NP_415005.1"
"445","NP_415006.1"
"446","NP_415007.1"
"447","NP_415008.1"
"448","NP_415009.1"
"449","NP_415010.1"
"450","NP_415011.1"
"451","NP_415012.1"
"452","NP_415013.1"
"453","NP_415014.1"
"454","NP_415015.1"
"455","NP_415016.4"
"456","NP_415017.1"
"457","NP_415018.1"
"458","NP_415019.1"
"459","NP_415020.1"
"460","NP_415021.2"
"461","NP_415022.1"
"462","NP_415023.1"
"463","NP_415024.4"
"464","NP_415025.4"
"465","NP_415026.1"
"466","NP_415027.1"
"467","NP_415028.1"
"468","NP_415029.1"
"469","NP_415030.1"
"470","NP_415031.1"
"471","NP_415036.1"
"472","NP_415037.1"
"473","NP_415038.1"
"474","NP_415039.1"
"475","NP_415040.1"
"476","NP_415041.1"
"477","NP_415042.1"
"478","NP_415044.4"
"479","NP_415045.1"
"480","NP_415046.4"
"481","NP_415047.1"
"482","NP_415048.1"
"483","NP_415049.1"
"484","NP_415050.1"
"485","NP_415051.1"
"486","NP_415053.1"
"487","NP_415054.1"
"488","NP_415055.1"
"489","NP_415056.1"
"490","NP_415057.1"
"491","NP_415058.1"
"492","NP_415059.1"
"493","NP_415060.1"
"494","NP_415061.2"
"495","NP_415062.1"
"496","NP_415063.4"
"497","NP_415064.1"
"498","NP_415065.1"
"499","NP_415066.2"
"500","NP_415067.1"
"501","NP_415068.1"
"502","NP_415069.1"
"503","NP_415072.2"
"504","NP_415073.1"
"505","NP_415075.1"
"506","NP_415076.1"
"507","NP_415077.1"
"508","NP_415078.1"
"509","NP_415079.1"
"510","NP_415080.1"
"511","NP_415081.1"
"512","NP_415082.1"
"513","NP_415083.1"
"514","NP_415084.2"
"515","NP_415086.1"
"516","NP_415087.1"
"517","NP_415088.1"
"518","NP_415089.1"
"519","NP_415090.2"
"520","NP_415091.1"
"521","NP_415092.1"
"522","NP_415096.1"
"523","NP_415097.1"
"524","NP_415098.1"
"525","NP_415099.1"
"526","NP_415100.1"
"527","NP_415101.1"
"528","NP_415102.1"
"529","NP_415103.1"
"530","NP_415104.1"
"531","NP_415105.1"
"532","NP_415106.1"
"533","NP_415107.1"
"534","NP_415108.1"
"535","NP_415109.1"
"536","NP_415110.1"
"537","NP_415111.1"
"538","NP_415112.1"
"539","NP_415113.1"
"540","NP_415114.1"
"541","NP_415115.2"
"542","NP_415116.1"
"543","NP_415117.2"
"544","NP_415118.1"
"545","NP_415119.1"
"546","NP_415120.1"
"547","NP_415121.1"
"548","NP_415122.1"
"549","NP_415123.1"
"550","NP_415124.1"
"551","NP_415125.1"
"552","NP_415126.1"
"553","NP_415127.1"
"554","NP_415128.1"
"555","NP_415129.1"
"556","NP_415130.1"
"557","NP_415132.1"
"558","NP_415133.1"
"559","NP_415134.1"
"560","NP_415135.1"
"561","NP_415136.1"
"562","NP_415137.2"
"563","NP_415138.1"
"564","NP_415139.2"
"565","NP_415140.1"
"566","NP_415141.1"
"567","NP_415143.1"
"568","NP_415144.1"
"569","NP_415145.1"
"570","NP_415146.1"
"571","NP_415147.1"
"572","NP_415148.1"
"573","NP_415149.4"
"574","NP_415150.1"
"575","NP_415151.4"
"576","NP_415152.1"
"577","NP_415153.1"
"578","NP_415154.1"
"579","NP_415155.1"
"580","NP_415156.1"
"581","NP_415157.1"
"582","NP_415160.1"
"583","NP_415161.1"
"584","NP_415162.4"
"585","NP_415163.2"
"586","NP_415164.1"
"587","NP_415165.1"
"588","NP_415166.1"
"589","NP_415167.1"
"590","NP_415168.1"
"591","NP_415169.1"
"592","NP_415170.4"
"593","NP_415171.1"
"594","NP_415172.1"
"595","NP_415173.1"
"596","NP_415174.1"
"597","NP_415175.1"
"598","NP_415176.1"
"599","NP_415177.4"
"600","NP_415178.1"
"601","NP_415179.1"
"602","NP_415180.1"
"603","NP_415181.1"
"604","NP_415182.1"
"605","NP_415183.1"
"606","NP_415184.1"
"607","NP_415185.1"
"608","NP_415186.1"
"609","NP_415187.1"
"610","NP_415188.1"
"611","NP_415189.2"
"612","NP_415190.1"
"613","NP_415191.1"
"614","NP_415192.1"
"615","NP_415193.2"
"616","NP_415194.1"
"617","NP_415195.1"
"618","NP_415200.1"
"619","NP_415201.1"
"620","NP_415202.1"
"621","NP_415203.1"
"622","NP_415204.1"
"623","NP_415205.1"
"624","NP_415206.1"
"625","NP_415207.1"
"626","NP_415208.1"
"627","NP_415209.1"
"628","NP_415210.1"
"629","NP_415211.2"
"630","NP_415212.1"
"631","NP_415213.1"
"632","NP_415214.1"
"633","NP_415215.1"
"634","NP_415219.1"
"635","NP_415220.1"
"636","NP_415222.1"
"637","NP_415223.1"
"638","NP_415224.1"
"639","NP_415225.1"
"640","NP_415226.1"
"641","NP_415228.1"
"642","NP_415229.1"
"643","NP_415230.1"
"644","NP_415232.1"
"645","NP_415234.1"
"646","NP_415235.1"
"647","NP_415236.1"
"648","NP_415237.1"
"649","NP_415238.1"
"650","NP_415239.1"
"651","NP_415240.1"
"652","NP_415241.1"
"653","NP_415242.1"
"654","NP_415243.4"
"655","NP_415244.4"
"656","NP_415245.1"
"657","NP_415246.2"
"658","NP_415247.1"
"659","NP_415248.1"
"660","NP_415249.1"
"661","NP_415250.1"
"662","NP_415251.1"
"663","NP_415252.1"
"664","NP_415254.1"
"665","NP_415255.1"
"666","NP_415256.1"
"667","NP_415257.1"
"668","NP_415258.1"
"669","NP_415259.1"
"670","NP_415260.1"
"671","NP_415261.2"
"672","NP_415262.1"
"673","NP_415263.1"
"674","NP_415264.1"
"675","NP_415265.1"
"676","NP_415266.1"
"677","NP_415267.1"
"678","NP_415268.1"
"679","NP_415269.1"
"680","NP_415270.1"
"681","NP_415271.1"
"682","NP_415272.1"
"683","NP_415273.1"
"684","NP_415274.1"
"685","NP_415275.1"
"686","NP_415276.1"
"687","NP_415277.1"
"688","NP_415278.1"
"689","NP_415279.1"
"690","NP_415280.3"
"691","NP_415281.1"
"692","NP_415282.1"
"693","NP_415283.1"
"694","NP_415284.1"
"695","NP_415285.1"
"696","NP_415286.1"
"697","NP_415287.1"
"698","NP_415288.1"
"699","NP_415289.4"
"700","NP_415290.1"
"701","NP_415291.1"
"702","NP_415292.2"
"703","NP_415293.1"
"704","NP_415294.1"
"705","NP_415295.1"
"706","NP_415296.1"
"707","NP_415297.1"
"708","NP_415298.1"
"709","NP_415299.1"
"710","NP_415300.1"
"711","NP_415301.1"
"712","NP_415302.1"
"713","NP_415303.1"
"714","NP_415304.1"
"715","NP_415305.1"
"716","NP_415306.1"
"717","NP_415307.1"
"718","NP_415308.1"
"719","NP_415309.1"
"720","NP_415310.1"
"721","NP_415311.1"
"722","NP_415312.1"
"723","NP_415313.1"
"724","NP_415314.1"
"725","NP_415315.4"
"726","NP_415316.1"
"727","NP_415317.4"
"728","NP_415318.1"
"729","NP_415319.1"
"730","NP_415320.1"
"731","NP_415321.1"
"732","NP_415322.1"
"733","NP_415323.1"
"734","NP_415324.1"
"735","NP_415325.4"
"736","NP_415326.1"
"737","NP_415327.2"
"738","NP_415328.4"
"739","NP_415329.4"
"740","NP_415330.1"
"741","NP_415331.1"
"742","NP_415332.1"
"743","NP_415333.1"
"744","NP_415334.1"
"745","NP_415335.1"
"746","NP_415336.1"
"747","NP_415338.1"
"748","NP_415339.1"
"749","NP_415340.1"
"750","NP_415341.1"
"751","NP_415342.1"
"752","NP_415343.1"
"753","NP_415344.1"
"754","NP_415345.2"
"755","NP_415346.4"
"756","NP_415347.1"
"757","NP_415348.1"
"758","NP_415349.1"
"759","NP_415350.2"
"760","NP_415351.1"
"761","NP_415352.1"
"762","NP_415353.1"
"763","NP_415354.1"
"764","NP_415355.1"
"765","NP_415356.1"
"766","NP_415357.1"
"767","NP_415358.1"
"768","NP_415359.4"
"769","NP_415360.1"
"770","NP_415361.1"
"771","NP_415362.1"
"772","NP_415363.1"
"773","NP_415364.1"
"774","NP_415365.4"
"775","NP_415366.1"
"776","NP_415367.1"
"777","NP_415368.1"
"778","NP_415369.1"
"779","NP_415370.1"
"780","NP_415371.1"
"781","NP_415372.1"
"782","NP_415373.1"
"783","NP_415374.1"
"784","NP_415375.1"
"785","NP_415376.4"
"786","NP_415377.1"
"787","NP_415378.1"
"788","NP_415379.1"
"789","NP_415380.1"
"790","NP_415381.1"
"791","NP_415382.1"
"792","NP_415383.1"
"793","NP_415384.1"
"794","NP_415385.1"
"795","NP_415386.1"
"796","NP_415387.1"
"797","NP_415388.1"
"798","NP_415389.2"
"799","NP_415390.4"
"800","NP_415391.1"
"801","NP_415392.1"
"802","NP_415393.1"
"803","NP_415394.4"
"804","NP_415395.2"
"805","NP_415396.1"
"806","NP_415397.1"
"807","NP_415398.1"
"808","NP_415399.4"
"809","NP_415400.1"
"810","NP_415401.1"
"811","NP_415402.1"
"812","NP_415403.1"
"813","NP_415404.1"
"814","NP_415405.1"
"815","NP_415406.1"
"816","NP_415407.1"
"817","NP_415408.1"
"818","NP_415409.1"
"819","NP_415410.1"
"820","NP_415411.2"
"821","NP_415412.1"
"822","NP_415413.1"
"823","NP_415414.4"
"824","NP_415415.1"
"825","NP_415416.1"
"826","NP_415417.1"
"827","NP_415418.1"
"828","NP_415419.2"
"829","NP_415420.1"
"830","NP_415421.1"
"831","NP_415422.1"
"832","NP_415423.1"
"833","NP_415424.1"
"834","NP_415425.4"
"835","NP_415426.1"
"836","NP_415427.1"
"837","NP_415428.1"
"838","NP_415429.2"
"839","NP_415430.1"
"840","NP_415431.1"
"841","NP_415432.1"
"842","NP_415433.4"
"843","NP_415434.1"
"844","NP_415435.1"
"845","NP_415436.1"
"846","NP_415437.1"
"847","NP_415438.1"
"848","NP_415439.1"
"849","NP_415440.1"
"850","NP_415441.1"
"851","NP_415442.1"
"852","NP_415443.2"
"853","NP_415444.1"
"854","NP_415445.1"
"855","NP_415446.1"
"856","NP_415447.1"
"857","NP_415448.1"
"858","NP_415449.1"
"859","NP_415450.1"
"860","NP_415451.1"
"861","NP_415452.1"
"862","NP_415453.1"
"863","NP_415454.4"
"864","NP_415455.1"
"865","NP_415456.4"
"866","NP_415457.1"
"867","NP_415458.2"
"868","NP_415459.1"
"869","NP_415460.1"
"870","NP_415461.1"
"871","NP_415462.1"
"872","NP_415463.2"
"873","NP_415464.4"
"874","NP_415465.1"
"875","NP_415466.4"
"876","NP_415467.1"
"877","NP_415468.1"
"878","NP_415469.1"
"879","NP_415470.1"
"880","NP_415471.1"
"881","NP_415472.2"
"882","NP_415473.1"
"883","NP_415474.1"
"884","NP_415475.1"
"885","NP_415476.1"
"886","NP_415477.1"
"887","NP_415478.1"
"888","NP_415479.1"
"889","NP_415480.2"
"890","NP_415481.1"
"891","NP_415482.1"
"892","NP_415483.2"
"893","NP_415484.1"
"894","NP_415485.4"
"895","NP_415486.4"
"896","NP_415487.4"
"897","NP_415488.1"
"898","NP_415489.4"
"899","NP_415490.1"
"900","NP_415491.1"
"901","NP_415492.1"
"902","NP_415493.1"
"903","NP_415494.1"
"904","NP_415495.1"
"905","NP_415496.1"
"906","NP_415497.1"
"907","NP_415498.1"
"908","NP_415500.1"
"909","NP_415501.1"
"910","NP_415502.4"
"911","NP_415503.1"
"912","NP_415504.1"
"913","NP_415505.1"
"914","NP_415506.1"
"915","NP_415507.2"
"916","NP_415508.1"
"917","NP_415509.1"
"918","NP_415510.1"
"919","NP_415511.1"
"920","NP_415512.1"
"921","NP_415513.2"
"922","NP_415514.1"
"923","NP_415515.1"
"924","NP_415516.1"
"925","NP_415517.1"
"926","NP_415518.1"
"927","NP_415519.1"
"928","NP_415520.1"
"929","NP_415521.1"
"930","NP_415522.1"
"931","NP_415523.1"
"932","NP_415524.1"
"933","NP_415525.2"
"934","NP_415526.4"
"935","NP_415527.4"
"936","NP_415528.1"
"937","NP_415529.1"
"938","NP_415530.1"
"939","NP_415531.2"
"940","NP_415532.3"
"941","NP_415533.1"
"942","NP_415534.1"
"943","NP_415535.1"
"944","NP_415537.1"
"945","NP_415538.1"
"946","NP_415539.1"
"947","NP_415540.1"
"948","NP_415541.1"
"949","NP_415542.1"
"950","NP_415543.1"
"951","NP_415544.1"
"952","NP_415545.1"
"953","NP_415546.2"
"954","NP_415548.1"
"955","NP_415551.2"
"956","NP_415552.1"
"957","NP_415553.1"
"958","NP_415554.4"
"959","NP_415555.1"
"960","NP_415556.1"
"961","NP_415557.1"
"962","NP_415558.1"
"963","NP_415559.1"
"964","NP_415560.1"
"965","NP_415561.1"
"966","NP_415562.1"
"967","NP_415563.1"
"968","NP_415564.2"
"969","NP_415565.1"
"970","NP_415566.1"
"971","NP_415567.1"
"972","NP_415568.1"
"973","NP_415569.4"
"974","NP_415571.1"
"975","NP_415572.1"
"976","NP_415573.1"
"977","NP_415574.1"
"978","NP_415575.1"
"979","NP_415576.1"
"980","NP_415577.1"
"981","NP_415578.3"
"982","NP_415579.1"
"983","NP_415580.1"
"984","NP_415581.1"
"985","NP_415582.1"
"986","NP_415583.4"
"987","NP_415584.1"
"988","NP_415585.1"
"989","NP_415586.1"
"990","NP_415587.1"
"991","NP_415588.1"
"992","NP_415589.1"
"993","NP_415590.1"
"994","NP_415591.1"
"995","NP_415592.1"
"996","NP_415593.1"
"997","NP_415594.1"
"998","NP_415595.1"
"999","NP_415596.1"
"1000","NP_415597.1"
"1001","NP_415598.3"
"1002","NP_415599.1"
"1003","NP_415600.1"
"1004","NP_415601.1"
"1005","NP_415602.1"
"1006","NP_415603.2"
"1007","NP_415604.1"
"1008","NP_415605.2"
"1009","NP_415606.1"
"1010","NP_415607.1"
"1011","NP_415608.2"
"1012","NP_415609.1"
"1013","NP_415610.1"
"1014","NP_415611.1"
"1015","NP_415612.1"
"1016","NP_415613.1"
"1017","NP_415614.1"
"1018","NP_415615.1"
"1019","NP_415616.1"
"1020","NP_415617.1"
"1021","NP_415618.1"
"1022","NP_415619.1"
"1023","NP_415620.1"
"1024","NP_415621.3"
"1025","NP_415622.1"
"1026","NP_415623.1"
"1027","NP_415624.1"
"1028","NP_415625.1"
"1029","NP_415626.4"
"1030","NP_415627.1"
"1031","NP_415628.1"
"1032","NP_415629.4"
"1033","NP_415630.1"
"1034","NP_415631.1"
"1035","NP_415632.1"
"1036","NP_415633.1"
"1037","NP_415634.1"
"1038","NP_415635.4"
"1039","NP_415636.1"
"1040","NP_415637.1"
"1041","NP_415638.3"
"1042","NP_415639.1"
"1043","NP_415640.2"
"1044","NP_415641.1"
"1045","NP_415642.1"
"1046","NP_415643.3"
"1047","NP_415644.1"
"1048","NP_415645.1"
"1049","NP_415646.4"
"1050","NP_415647.1"
"1051","NP_415648.1"
"1052","NP_415649.1"
"1053","NP_415650.1"
"1054","NP_415651.4"
"1055","NP_415652.1"
"1056","NP_415653.4"
"1057","NP_415654.1"
"1058","NP_415655.1"
"1059","NP_415656.1"
"1060","NP_415657.1"
"1061","NP_415658.1"
"1062","NP_415659.1"
"1063","NP_415661.2"
"1064","NP_415662.2"
"1065","NP_415663.1"
"1066","NP_415664.2"
"1067","NP_415665.2"
"1068","NP_415666.1"
"1069","NP_415668.1"
"1070","NP_415671.1"
"1071","NP_415672.1"
"1072","NP_415673.1"
"1073","NP_415674.1"
"1074","NP_415676.1"
"1075","NP_415677.1"
"1076","NP_415678.1"
"1077","NP_415679.1"
"1078","NP_415680.1"
"1079","NP_415681.1"
"1080","NP_415682.1"
"1081","NP_415683.1"
"1082","NP_415684.1"
"1083","NP_415685.1"
"1084","NP_415686.2"
"1085","NP_415689.2"
"1086","NP_415690.5"
"1087","NP_415692.1"
"1088","NP_415693.1"
"1089","NP_415694.1"
"1090","NP_415695.1"
"1091","NP_415696.1"
"1092","NP_415697.5"
"1093","NP_415698.1"
"1094","NP_415699.5"
"1095","NP_415700.4"
"1096","NP_415701.1"
"1097","NP_415702.1"
"1098","NP_415703.3"
"1099","NP_415704.1"
"1100","NP_415705.1"
"1101","NP_415706.1"
"1102","NP_415707.1"
"1103","NP_415708.1"
"1104","NP_415709.2"
"1105","NP_415710.1"
"1106","NP_415711.2"
"1107","NP_415712.1"
"1108","NP_415713.1"
"1109","NP_415714.1"
"1110","NP_415715.1"
"1111","NP_415716.4"
"1112","NP_415717.1"
"1113","NP_415718.6"
"1114","NP_415719.2"
"1115","NP_415720.1"
"1116","NP_415721.1"
"1117","NP_415722.1"
"1118","NP_415723.1"
"1119","NP_415724.2"
"1120","NP_415725.1"
"1121","NP_415726.1"
"1122","NP_415727.1"
"1123","NP_415728.1"
"1124","NP_415729.1"
"1125","NP_415730.1"
"1126","NP_415731.1"
"1127","NP_415732.1"
"1128","NP_415733.1"
"1129","NP_415734.1"
"1130","NP_415735.1"
"1131","NP_415736.2"
"1132","NP_415737.1"
"1133","NP_415738.2"
"1134","NP_415739.1"
"1135","NP_415740.1"
"1136","NP_415741.1"
"1137","NP_415742.1"
"1138","NP_415743.1"
"1139","NP_415744.1"
"1140","NP_415745.1"
"1141","NP_415747.2"
"1142","NP_415748.1"
"1143","NP_415749.1"
"1144","NP_415750.2"
"1145","NP_415751.1"
"1146","NP_415752.1"
"1147","NP_415753.1"
"1148","NP_415754.1"
"1149","NP_415757.1"
"1150","NP_415758.1"
"1151","NP_415759.1"
"1152","NP_415760.1"
"1153","NP_415761.1"
"1154","NP_415763.1"
"1155","NP_415764.4"
"1156","NP_415765.1"
"1157","NP_415766.1"
"1158","NP_415767.2"
"1159","NP_415768.1"
"1160","NP_415769.1"
"1161","NP_415770.1"
"1162","NP_415771.1"
"1163","NP_415772.1"
"1164","NP_415773.1"
"1165","NP_415774.1"
"1166","NP_415775.4"
"1167","NP_415776.1"
"1168","NP_415777.1"
"1169","NP_415778.3"
"1170","NP_415779.1"
"1171","NP_415780.1"
"1172","NP_415781.1"
"1173","NP_415782.1"
"1174","NP_415783.6"
"1175","NP_415784.1"
"1176","NP_415785.1"
"1177","NP_415786.1"
"1178","NP_415787.1"
"1179","NP_415788.1"
"1180","NP_415789.1"
"1181","NP_415790.1"
"1182","NP_415791.1"
"1183","NP_415792.1"
"1184","NP_415793.1"
"1185","NP_415794.1"
"1186","NP_415795.1"
"1187","NP_415796.1"
"1188","NP_415797.1"
"1189","NP_415798.2"
"1190","NP_415799.1"
"1191","NP_415800.1"
"1192","NP_415801.1"
"1193","NP_415802.1"
"1194","NP_415803.2"
"1195","NP_415804.1"
"1196","NP_415805.1"
"1197","NP_415806.1"
"1198","NP_415807.1"
"1199","NP_415808.1"
"1200","NP_415809.1"
"1201","NP_415810.1"
"1202","NP_415811.1"
"1203","NP_415812.4"
"1204","NP_415813.4"
"1205","NP_415814.4"
"1206","NP_415815.1"
"1207","NP_415816.1"
"1208","NP_415817.1"
"1209","NP_415818.1"
"1210","NP_415819.4"
"1211","NP_415820.1"
"1212","NP_415821.1"
"1213","NP_415822.1"
"1214","NP_415823.1"
"1215","NP_415824.1"
"1216","NP_415825.4"
"1217","NP_415826.1"
"1218","NP_415827.1"
"1219","NP_415828.1"
"1220","NP_415829.1"
"1221","NP_415830.2"
"1222","NP_415831.1"
"1223","NP_415832.1"
"1224","NP_415833.1"
"1225","NP_415835.1"
"1226","NP_415836.1"
"1227","NP_415837.1"
"1228","NP_415838.1"
"1229","NP_415839.1"
"1230","NP_415840.1"
"1231","NP_415841.4"
"1232","NP_415842.2"
"1233","NP_415843.2"
"1234","NP_415844.1"
"1235","NP_415845.2"
"1236","NP_415846.1"
"1237","NP_415847.2"
"1238","NP_415848.1"
"1239","NP_415849.1"
"1240","NP_415850.1"
"1241","NP_415851.1"
"1242","NP_415852.2"
"1243","NP_415853.1"
"1244","NP_415854.4"
"1245","NP_415855.1"
"1246","NP_415856.1"
"1247","NP_415857.2"
"1248","NP_415858.1"
"1249","NP_415859.1"
"1250","NP_415860.1"
"1251","NP_415861.1"
"1252","NP_415862.4"
"1253","NP_415863.1"
"1254","NP_415864.1"
"1255","NP_415865.1"
"1256","NP_415866.1"
"1257","NP_415867.1"
"1258","NP_415869.2"
"1259","NP_415870.4"
"1260","NP_415872.2"
"1261","NP_415873.2"
"1262","NP_415874.1"
"1263","NP_415875.1"
"1264","NP_415876.1"
"1265","NP_415877.1"
"1266","NP_415878.1"
"1267","NP_415881.1"
"1268","NP_415883.1"
"1269","NP_415888.1"
"1270","NP_415890.2"
"1271","NP_415891.1"
"1272","NP_415892.1"
"1273","NP_415893.2"
"1274","NP_415894.4"
"1275","NP_415895.1"
"1276","NP_415896.1"
"1277","NP_415897.1"
"1278","NP_415898.1"
"1279","NP_415899.1"
"1280","NP_415900.1"
"1281","NP_415901.2"
"1282","NP_415902.1"
"1283","NP_415903.4"
"1284","NP_415904.3"
"1285","NP_415905.1"
"1286","NP_415906.1"
"1287","NP_415907.1"
"1288","NP_415908.1"
"1289","NP_415909.4"
"1290","NP_415910.1"
"1291","NP_415911.1"
"1292","NP_415912.1"
"1293","NP_415913.1"
"1294","NP_415914.1"
"1295","NP_415915.1"
"1296","NP_415916.1"
"1297","NP_415917.1"
"1298","NP_415918.1"
"1299","NP_415920.1"
"1300","NP_415921.2"
"1301","NP_415922.1"
"1302","NP_415924.1"
"1303","NP_415925.2"
"1304","NP_415926.4"
"1305","NP_415927.1"
"1306","NP_415928.1"
"1307","NP_415929.1"
"1308","NP_415930.1"
"1309","NP_415931.4"
"1310","NP_415932.1"
"1311","NP_415933.1"
"1312","NP_415935.2"
"1313","NP_415936.1"
"1314","NP_415937.1"
"1315","NP_415938.1"
"1316","NP_415939.2"
"1317","NP_415940.1"
"1318","NP_415941.5"
"1319","NP_415943.4"
"1320","NP_415944.1"
"1321","NP_415945.1"
"1322","NP_415946.1"
"1323","NP_415947.1"
"1324","NP_415948.1"
"1325","NP_415949.3"
"1326","NP_415950.4"
"1327","NP_415951.1"
"1328","NP_415952.2"
"1329","NP_415953.1"
"1330","NP_415954.2"
"1331","NP_415955.2"
"1332","NP_415956.1"
"1333","NP_415957.1"
"1334","NP_415958.1"
"1335","NP_415959.1"
"1336","NP_415960.1"
"1337","NP_415961.1"
"1338","NP_415962.2"
"1339","NP_415963.1"
"1340","NP_415964.1"
"1341","NP_415965.1"
"1342","NP_415966.6"
"1343","NP_415967.2"
"1344","NP_415968.1"
"1345","NP_415969.1"
"1346","NP_415970.4"
"1347","NP_415971.1"
"1348","NP_415972.1"
"1349","NP_415974.1"
"1350","NP_415977.1"
"1351","NP_415978.1"
"1352","NP_415979.2"
"1353","NP_415980.1"
"1354","NP_415981.1"
"1355","NP_415982.1"
"1356","NP_415983.1"
"1357","NP_415984.1"
"1358","NP_415985.1"
"1359","NP_415986.1"
"1360","NP_415990.5"
"1361","NP_415991.1"
"1362","NP_415992.1"
"1363","NP_415993.1"
"1364","NP_415994.4"
"1365","NP_415995.4"
"1366","NP_415996.2"
"1367","NP_415997.1"
"1368","NP_415998.4"
"1369","NP_415999.1"
"1370","NP_416000.1"
"1371","NP_416001.1"
"1372","NP_416002.1"
"1373","NP_416003.1"
"1374","NP_416004.1"
"1375","NP_416005.1"
"1376","NP_416006.4"
"1377","NP_416007.3"
"1378","NP_416008.1"
"1379","NP_416009.1"
"1380","NP_416010.1"
"1381","NP_416011.1"
"1382","NP_416012.1"
"1383","NP_416013.1"
"1384","NP_416014.4"
"1385","NP_416015.2"
"1386","NP_416016.1"
"1387","NP_416017.1"
"1388","NP_416018.1"
"1389","NP_416019.1"
"1390","NP_416020.1"
"1391","NP_416021.1"
"1392","NP_416024.1"
"1393","NP_416025.1"
"1394","NP_416028.3"
"1395","NP_416029.1"
"1396","NP_416030.1"
"1397","NP_416031.1"
"1398","NP_416032.1"
"1399","NP_416033.1"
"1400","NP_416034.1"
"1401","NP_416035.1"
"1402","NP_416036.1"
"1403","NP_416037.2"
"1404","NP_416039.1"
"1405","NP_416040.1"
"1406","NP_416041.1"
"1407","NP_416042.2"
"1408","NP_416043.1"
"1409","NP_416044.1"
"1410","NP_416045.1"
"1411","NP_416046.1"
"1412","NP_416047.4"
"1413","NP_416048.2"
"1414","NP_416049.1"
"1415","NP_416050.4"
"1416","NP_416051.1"
"1417","NP_416052.1"
"1418","NP_416054.1"
"1419","NP_416055.1"
"1420","NP_416056.1"
"1421","NP_416057.1"
"1422","NP_416058.1"
"1423","NP_416059.1"
"1424","NP_416060.1"
"1425","NP_416062.2"
"1426","NP_416063.1"
"1427","NP_416064.1"
"1428","NP_416065.1"
"1429","NP_416067.2"
"1430","NP_416068.2"
"1431","NP_416069.2"
"1432","NP_416070.1"
"1433","NP_416071.1"
"1434","NP_416072.1"
"1435","NP_416073.1"
"1436","NP_416074.4"
"1437","NP_416075.1"
"1438","NP_416076.1"
"1439","NP_416077.4"
"1440","NP_416078.4"
"1441","NP_416079.1"
"1442","NP_416080.1"
"1443","NP_416081.1"
"1444","NP_416082.1"
"1445","NP_416083.1"
"1446","NP_416084.1"
"1447","NP_416087.1"
"1448","NP_416088.1"
"1449","NP_416089.1"
"1450","NP_416090.2"
"1451","NP_416091.1"
"1452","NP_416092.1"
"1453","NP_416093.1"
"1454","NP_416097.1"
"1455","NP_416098.1"
"1456","NP_416099.1"
"1457","NP_416100.1"
"1458","NP_416101.1"
"1459","NP_416102.2"
"1460","NP_416103.2"
"1461","NP_416104.1"
"1462","NP_416105.4"
"1463","NP_416106.1"
"1464","NP_416107.1"
"1465","NP_416108.2"
"1466","NP_416109.2"
"1467","NP_416110.4"
"1468","NP_416111.1"
"1469","NP_416112.1"
"1470","NP_416113.1"
"1471","NP_416114.2"
"1472","NP_416115.1"
"1473","NP_416116.1"
"1474","NP_416117.1"
"1475","NP_416118.1"
"1476","NP_416119.1"
"1477","NP_416120.1"
"1478","NP_416121.1"
"1479","NP_416122.1"
"1480","NP_416123.1"
"1481","NP_416124.1"
"1482","NP_416125.2"
"1483","NP_416126.1"
"1484","NP_416127.1"
"1485","NP_416128.1"
"1486","NP_416129.1"
"1487","NP_416130.3"
"1488","NP_416131.1"
"1489","NP_416132.2"
"1490","NP_416133.1"
"1491","NP_416134.1"
"1492","NP_416135.1"
"1493","NP_416136.1"
"1494","NP_416137.1"
"1495","NP_416138.1"
"1496","NP_416139.1"
"1497","NP_416140.1"
"1498","NP_416141.4"
"1499","NP_416142.1"
"1500","NP_416143.2"
"1501","NP_416144.1"
"1502","NP_416145.1"
"1503","NP_416146.1"
"1504","NP_416147.1"
"1505","NP_416148.1"
"1506","NP_416149.1"
"1507","NP_416150.1"
"1508","NP_416151.1"
"1509","NP_416152.1"
"1510","NP_416153.1"
"1511","NP_416154.1"
"1512","NP_416155.1"
"1513","NP_416156.4"
"1514","NP_416157.1"
"1515","NP_416159.2"
"1516","NP_416160.1"
"1517","NP_416161.4"
"1518","NP_416162.1"
"1519","NP_416163.1"
"1520","NP_416165.2"
"1521","NP_416166.3"
"1522","NP_416167.1"
"1523","NP_416168.1"
"1524","NP_416169.1"
"1525","NP_416170.1"
"1526","NP_416171.1"
"1527","NP_416172.1"
"1528","NP_416173.1"
"1529","NP_416174.1"
"1530","NP_416175.1"
"1531","NP_416176.1"
"1532","NP_416178.1"
"1533","NP_416179.1"
"1534","NP_416181.1"
"1535","NP_416182.1"
"1536","NP_416183.1"
"1537","NP_416184.1"
"1538","NP_416185.1"
"1539","NP_416186.4"
"1540","NP_416187.1"
"1541","NP_416188.1"
"1542","NP_416189.1"
"1543","NP_416190.1"
"1544","NP_416191.1"
"1545","NP_416192.1"
"1546","NP_416193.1"
"1547","NP_416194.1"
"1548","NP_416195.1"
"1549","NP_416196.1"
"1550","NP_416197.1"
"1551","NP_416198.2"
"1552","NP_416199.1"
"1553","NP_416200.2"
"1554","NP_416201.1"
"1555","NP_416202.1"
"1556","NP_416203.1"
"1557","NP_416204.2"
"1558","NP_416205.1"
"1559","NP_416206.6"
"1560","NP_416207.1"
"1561","NP_416208.1"
"1562","NP_416209.1"
"1563","NP_416210.4"
"1564","NP_416211.1"
"1565","NP_416212.1"
"1566","NP_416213.1"
"1567","NP_416214.1"
"1568","NP_416215.1"
"1569","NP_416216.5"
"1570","NP_416217.1"
"1571","NP_416218.1"
"1572","NP_416219.1"
"1573","NP_416220.1"
"1574","NP_416221.1"
"1575","NP_416222.1"
"1576","NP_416223.1"
"1577","NP_416224.1"
"1578","NP_416225.1"
"1579","NP_416226.1"
"1580","NP_416227.1"
"1581","NP_416228.1"
"1582","NP_416229.1"
"1583","NP_416230.1"
"1584","NP_416231.1"
"1585","NP_416232.3"
"1586","NP_416233.1"
"1587","NP_416234.1"
"1588","NP_416236.1"
"1589","NP_416237.3"
"1590","NP_416238.1"
"1591","NP_416239.1"
"1592","NP_416240.1"
"1593","NP_416241.1"
"1594","NP_416242.6"
"1595","NP_416243.1"
"1596","NP_416244.2"
"1597","NP_416245.2"
"1598","NP_416247.1"
"1599","NP_416248.1"
"1600","NP_416249.1"
"1601","NP_416250.1"
"1602","NP_416251.1"
"1603","NP_416252.1"
"1604","NP_416253.1"
"1605","NP_416254.1"
"1606","NP_416255.1"
"1607","NP_416256.2"
"1608","NP_416257.1"
"1609","NP_416258.1"
"1610","NP_416259.1"
"1611","NP_416260.1"
"1612","NP_416261.1"
"1613","NP_416262.1"
"1614","NP_416263.1"
"1615","NP_416264.4"
"1616","NP_416265.4"
"1617","NP_416266.1"
"1618","NP_416267.1"
"1619","NP_416268.2"
"1620","NP_416269.4"
"1621","NP_416270.1"
"1622","NP_416271.4"
"1623","NP_416272.2"
"1624","NP_416273.1"
"1625","NP_416274.1"
"1626","NP_416275.1"
"1627","NP_416276.4"
"1628","NP_416277.1"
"1629","NP_416278.1"
"1630","NP_416279.1"
"1631","NP_416280.1"
"1632","NP_416281.1"
"1633","NP_416282.4"
"1634","NP_416283.1"
"1635","NP_416284.1"
"1636","NP_416285.1"
"1637","NP_416286.4"
"1638","NP_416287.1"
"1639","NP_416288.1"
"1640","NP_416289.1"
"1641","NP_416290.1"
"1642","NP_416291.4"
"1643","NP_416292.1"
"1644","NP_416293.1"
"1645","NP_416294.4"
"1646","NP_416295.1"
"1647","NP_416296.1"
"1648","NP_416297.1"
"1649","NP_416298.1"
"1650","NP_416299.1"
"1651","NP_416300.2"
"1652","NP_416301.1"
"1653","NP_416302.2"
"1654","NP_416303.1"
"1655","NP_416304.1"
"1656","NP_416305.1"
"1657","NP_416306.2"
"1658","NP_416307.1"
"1659","NP_416308.4"
"1660","NP_416309.1"
"1661","NP_416310.1"
"1662","NP_416311.1"
"1663","NP_416312.1"
"1664","NP_416313.4"
"1665","NP_416314.1"
"1666","NP_416315.1"
"1667","NP_416316.1"
"1668","NP_416317.1"
"1669","NP_416318.1"
"1670","NP_416319.1"
"1671","NP_416320.1"
"1672","NP_416321.1"
"1673","NP_416322.1"
"1674","NP_416323.4"
"1675","NP_416324.2"
"1676","NP_416325.1"
"1677","NP_416326.1"
"1678","NP_416327.1"
"1679","NP_416328.1"
"1680","NP_416329.4"
"1681","NP_416330.1"
"1682","NP_416331.1"
"1683","NP_416332.1"
"1684","NP_416333.4"
"1685","NP_416334.1"
"1686","NP_416335.4"
"1687","NP_416336.1"
"1688","NP_416337.1"
"1689","NP_416338.1"
"1690","NP_416339.1"
"1691","NP_416340.1"
"1692","NP_416341.1"
"1693","NP_416342.4"
"1694","NP_416343.1"
"1695","NP_416344.1"
"1696","NP_416346.4"
"1697","NP_416347.1"
"1698","NP_416348.2"
"1699","NP_416349.2"
"1700","NP_416350.4"
"1701","NP_416351.2"
"1702","NP_416352.4"
"1703","NP_416353.1"
"1704","NP_416354.1"
"1705","NP_416355.1"
"1706","NP_416356.1"
"1707","NP_416357.1"
"1708","NP_416358.1"
"1709","NP_416359.1"
"1710","NP_416360.1"
"1711","NP_416361.2"
"1712","NP_416362.1"
"1713","NP_416363.1"
"1714","NP_416364.1"
"1715","NP_416365.1"
"1716","NP_416366.1"
"1717","NP_416367.1"
"1718","NP_416368.1"
"1719","NP_416369.1"
"1720","NP_416370.2"
"1721","NP_416371.4"
"1722","NP_416372.1"
"1723","NP_416373.1"
"1724","NP_416374.1"
"1725","NP_416375.1"
"1726","NP_416376.2"
"1727","NP_416377.1"
"1728","NP_416378.1"
"1729","NP_416379.1"
"1730","NP_416380.1"
"1731","NP_416381.2"
"1732","NP_416382.1"
"1733","NP_416383.4"
"1734","NP_416384.1"
"1735","NP_416385.1"
"1736","NP_416386.4"
"1737","NP_416387.1"
"1738","NP_416389.4"
"1739","NP_416390.1"
"1740","NP_416391.4"
"1741","NP_416392.1"
"1742","NP_416393.1"
"1743","NP_416394.1"
"1744","NP_416395.1"
"1745","NP_416396.1"
"1746","NP_416397.1"
"1747","NP_416398.1"
"1748","NP_416399.1"
"1749","NP_416400.1"
"1750","NP_416401.1"
"1751","NP_416402.2"
"1752","NP_416403.1"
"1753","NP_416404.1"
"1754","NP_416405.1"
"1755","NP_416406.4"
"1756","NP_416407.1"
"1757","NP_416408.1"
"1758","NP_416409.1"
"1759","NP_416410.1"
"1760","NP_416411.1"
"1761","NP_416413.1"
"1762","NP_416414.1"
"1763","NP_416415.1"
"1764","NP_416416.2"
"1765","NP_416417.1"
"1766","NP_416418.1"
"1767","NP_416419.1"
"1768","NP_416420.1"
"1769","NP_416421.1"
"1770","NP_416422.1"
"1771","NP_416423.4"
"1772","NP_416424.1"
"1773","NP_416425.1"
"1774","NP_416426.1"
"1775","NP_416427.1"
"1776","NP_416428.1"
"1777","NP_416429.4"
"1778","NP_416430.1"
"1779","NP_416431.2"
"1780","NP_416432.3"
"1781","NP_416433.1"
"1782","NP_416434.1"
"1783","NP_416435.1"
"1784","NP_416436.1"
"1785","NP_416437.1"
"1786","NP_416438.1"
"1787","NP_416439.1"
"1788","NP_416440.1"
"1789","NP_416442.1"
"1790","NP_416447.1"
"1791","NP_416448.1"
"1792","NP_416449.1"
"1793","NP_416450.2"
"1794","NP_416451.1"
"1795","NP_416452.1"
"1796","NP_416453.1"
"1797","NP_416454.1"
"1798","NP_416455.1"
"1799","NP_416456.1"
"1800","NP_416457.4"
"1801","NP_416458.1"
"1802","NP_416459.1"
"1803","NP_416460.1"
"1804","NP_416461.1"
"1805","NP_416462.1"
"1806","NP_416463.4"
"1807","NP_416464.1"
"1808","NP_416465.2"
"1809","NP_416466.1"
"1810","NP_416467.1"
"1811","NP_416468.1"
"1812","NP_416469.1"
"1813","NP_416470.1"
"1814","NP_416471.1"
"1815","NP_416472.3"
"1816","NP_416476.1"
"1817","NP_416477.1"
"1818","NP_416478.2"
"1819","NP_416479.1"
"1820","NP_416480.1"
"1821","NP_416481.1"
"1822","NP_416482.1"
"1823","NP_416483.4"
"1824","NP_416484.2"
"1825","NP_416485.4"
"1826","NP_416488.1"
"1827","NP_416489.1"
"1828","NP_416490.1"
"1829","NP_416491.3"
"1830","NP_416492.1"
"1831","NP_416493.1"
"1832","NP_416494.1"
"1833","NP_416495.1"
"1834","NP_416496.1"
"1835","NP_416497.1"
"1836","NP_416498.2"
"1837","NP_416500.1"
"1838","NP_416505.2"
"1839","NP_416506.1"
"1840","NP_416507.1"
"1841","NP_416508.1"
"1842","NP_416509.1"
"1843","NP_416511.4"
"1844","NP_416512.1"
"1845","NP_416513.1"
"1846","NP_416514.4"
"1847","NP_416515.1"
"1848","NP_416516.1"
"1849","NP_416517.1"
"1850","NP_416518.2"
"1851","NP_416519.4"
"1852","NP_416520.1"
"1853","NP_416521.2"
"1854","NP_416522.1"
"1855","NP_416523.1"
"1856","NP_416524.1"
"1857","NP_416525.1"
"1858","NP_416526.4"
"1859","NP_416527.1"
"1860","NP_416528.2"
"1861","NP_416529.1"
"1862","NP_416530.1"
"1863","NP_416531.4"
"1864","NP_416532.1"
"1865","NP_416533.1"
"1866","NP_416535.2"
"1867","NP_416536.1"
"1868","NP_416537.1"
"1869","NP_416538.1"
"1870","NP_416539.1"
"1871","NP_416540.1"
"1872","NP_416541.1"
"1873","NP_416542.1"
"1874","NP_416543.1"
"1875","NP_416544.1"
"1876","NP_416545.1"
"1877","NP_416546.1"
"1878","NP_416547.1"
"1879","NP_416548.1"
"1880","NP_416549.1"
"1881","NP_416550.1"
"1882","NP_416551.1"
"1883","NP_416552.1"
"1884","NP_416553.1"
"1885","NP_416554.1"
"1886","NP_416555.2"
"1887","NP_416556.1"
"1888","NP_416557.1"
"1889","NP_416558.1"
"1890","NP_416559.1"
"1891","NP_416560.1"
"1892","NP_416561.1"
"1893","NP_416562.1"
"1894","NP_416563.1"
"1895","NP_416564.4"
"1896","NP_416565.1"
"1897","NP_416566.1"
"1898","NP_416567.4"
"1899","NP_416568.1"
"1900","NP_416569.1"
"1901","NP_416570.2"
"1902","NP_416571.1"
"1903","NP_416572.1"
"1904","NP_416573.4"
"1905","NP_416574.1"
"1906","NP_416575.1"
"1907","NP_416576.1"
"1908","NP_416577.1"
"1909","NP_416578.2"
"1910","NP_416579.1"
"1911","NP_416580.1"
"1912","NP_416581.1"
"1913","NP_416582.1"
"1914","NP_416583.1"
"1915","NP_416584.4"
"1916","NP_416585.1"
"1917","NP_416586.1"
"1918","NP_416589.2"
"1919","NP_416590.1"
"1920","NP_416592.2"
"1921","NP_416593.1"
"1922","NP_416594.1"
"1923","NP_416596.1"
"1924","NP_416597.1"
"1925","NP_416598.1"
"1926","NP_416599.2"
"1927","NP_416600.4"
"1928","NP_416601.1"
"1929","NP_416602.1"
"1930","NP_416603.1"
"1931","NP_416604.1"
"1932","NP_416605.2"
"1933","NP_416606.1"
"1934","NP_416607.1"
"1935","NP_416608.1"
"1936","NP_416609.1"
"1937","NP_416610.4"
"1938","NP_416611.1"
"1939","NP_416612.1"
"1940","NP_416613.1"
"1941","NP_416614.1"
"1942","NP_416615.1"
"1943","NP_416616.4"
"1944","NP_416617.1"
"1945","NP_416621.1"
"1946","NP_416623.2"
"1947","NP_416624.1"
"1948","NP_416625.1"
"1949","NP_416627.2"
"1950","NP_416628.1"
"1951","NP_416629.4"
"1952","NP_416630.1"
"1953","NP_416631.1"
"1954","NP_416632.1"
"1955","NP_416633.1"
"1956","NP_416634.1"
"1957","NP_416635.1"
"1958","NP_416636.1"
"1959","NP_416637.1"
"1960","NP_416638.4"
"1961","NP_416639.2"
"1962","NP_416640.2"
"1963","NP_416641.1"
"1964","NP_416645.1"
"1965","NP_416646.1"
"1966","NP_416647.1"
"1967","NP_416648.1"
"1968","NP_416649.1"
"1969","NP_416650.1"
"1970","NP_416651.1"
"1971","NP_416652.4"
"1972","NP_416653.1"
"1973","NP_416654.1"
"1974","NP_416655.1"
"1975","NP_416656.1"
"1976","NP_416657.1"
"1977","NP_416658.1"
"1978","NP_416659.1"
"1979","NP_416660.1"
"1980","NP_416661.1"
"1981","NP_416662.1"
"1982","NP_416663.1"
"1983","NP_416664.1"
"1984","NP_416665.1"
"1985","NP_416666.1"
"1986","NP_416667.1"
"1987","NP_416668.3"
"1988","NP_416669.1"
"1989","NP_416670.1"
"1990","NP_416671.1"
"1991","NP_416672.1"
"1992","NP_416673.1"
"1993","NP_416674.1"
"1994","NP_416675.1"
"1995","NP_416676.4"
"1996","NP_416677.1"
"1997","NP_416678.1"
"1998","NP_416679.4"
"1999","NP_416680.1"
"2000","NP_416681.1"
"2001","NP_416682.4"
"2002","NP_416683.1"
"2003","NP_416684.1"
"2004","NP_416685.1"
"2005","NP_416686.1"
"2006","NP_416687.1"
"2007","NP_416688.1"
"2008","NP_416689.1"
"2009","NP_416690.1"
"2010","NP_416691.1"
"2011","NP_416692.1"
"2012","NP_416693.1"
"2013","NP_416696.2"
"2014","NP_416697.1"
"2015","NP_416698.1"
"2016","NP_416699.1"
"2017","NP_416700.1"
"2018","NP_416701.1"
"2019","NP_416702.1"
"2020","NP_416703.1"
"2021","NP_416704.1"
"2022","NP_416705.2"
"2023","NP_416706.1"
"2024","NP_416707.4"
"2025","NP_416708.1"
"2026","NP_416709.1"
"2027","NP_416710.1"
"2028","NP_416711.1"
"2029","NP_416712.1"
"2030","NP_416713.1"
"2031","NP_416714.1"
"2032","NP_416715.1"
"2033","NP_416716.1"
"2034","NP_416717.1"
"2035","NP_416718.1"
"2036","NP_416719.1"
"2037","NP_416720.1"
"2038","NP_416721.1"
"2039","NP_416722.2"
"2040","NP_416723.1"
"2041","NP_416724.1"
"2042","NP_416725.1"
"2043","NP_416726.1"
"2044","NP_416727.1"
"2045","NP_416728.1"
"2046","NP_416729.1"
"2047","NP_416730.1"
"2048","NP_416732.4"
"2049","NP_416733.4"
"2050","NP_416734.1"
"2051","NP_416735.1"
"2052","NP_416736.1"
"2053","NP_416737.1"
"2054","NP_416738.1"
"2055","NP_416739.1"
"2056","NP_416740.1"
"2057","NP_416742.1"
"2058","NP_416743.1"
"2059","NP_416744.1"
"2060","NP_416745.1"
"2061","NP_416746.1"
"2062","NP_416747.1"
"2063","NP_416748.1"
"2064","NP_416749.4"
"2065","NP_416750.2"
"2066","NP_416751.1"
"2067","NP_416752.1"
"2068","NP_416753.4"
"2069","NP_416754.1"
"2070","NP_416755.1"
"2071","NP_416756.6"
"2072","NP_416757.1"
"2073","NP_416758.1"
"2074","NP_416759.1"
"2075","NP_416760.1"
"2076","NP_416761.4"
"2077","NP_416762.2"
"2078","NP_416763.1"
"2079","NP_416764.1"
"2080","NP_416765.1"
"2081","NP_416766.1"
"2082","NP_416767.1"
"2083","NP_416768.4"
"2084","NP_416769.1"
"2085","NP_416770.1"
"2086","NP_416771.4"
"2087","NP_416772.1"
"2088","NP_416773.1"
"2089","NP_416774.2"
"2090","NP_416775.1"
"2091","NP_416776.1"
"2092","NP_416777.2"
"2093","NP_416778.2"
"2094","NP_416779.2"
"2095","NP_416780.1"
"2096","NP_416781.1"
"2097","NP_416782.1"
"2098","NP_416783.1"
"2099","NP_416784.1"
"2100","NP_416785.1"
"2101","NP_416786.4"
"2102","NP_416787.1"
"2103","NP_416788.1"
"2104","NP_416789.2"
"2105","NP_416790.1"
"2106","NP_416791.3"
"2107","NP_416792.1"
"2108","NP_416793.1"
"2109","NP_416794.1"
"2110","NP_416795.1"
"2111","NP_416796.2"
"2112","NP_416797.2"
"2113","NP_416798.1"
"2114","NP_416799.1"
"2115","NP_416800.1"
"2116","NP_416801.2"
"2117","NP_416802.1"
"2118","NP_416803.3"
"2119","NP_416804.1"
"2120","NP_416805.1"
"2121","NP_416806.1"
"2122","NP_416807.1"
"2123","NP_416808.1"
"2124","NP_416809.1"
"2125","NP_416810.1"
"2126","NP_416811.1"
"2127","NP_416812.1"
"2128","NP_416813.1"
"2129","NP_416814.1"
"2130","NP_416815.1"
"2131","NP_416816.1"
"2132","NP_416817.2"
"2133","NP_416818.1"
"2134","NP_416819.1"
"2135","NP_416820.1"
"2136","NP_416821.1"
"2137","NP_416822.1"
"2138","NP_416823.1"
"2139","NP_416824.1"
"2140","NP_416825.1"
"2141","NP_416826.1"
"2142","NP_416827.4"
"2143","NP_416828.1"
"2144","NP_416829.1"
"2145","NP_416830.1"
"2146","NP_416831.1"
"2147","NP_416832.1"
"2148","NP_416833.4"
"2149","NP_416834.1"
"2150","NP_416835.2"
"2151","NP_416836.1"
"2152","NP_416837.1"
"2153","NP_416838.1"
"2154","NP_416839.1"
"2155","NP_416841.1"
"2156","NP_416842.1"
"2157","NP_416843.1"
"2158","NP_416844.1"
"2159","NP_416845.2"
"2160","NP_416846.2"
"2161","NP_416847.1"
"2162","NP_416848.1"
"2163","NP_416849.1"
"2164","NP_416850.1"
"2165","NP_416851.1"
"2166","NP_416852.1"
"2167","NP_416853.1"
"2168","NP_416855.1"
"2169","NP_416858.1"
"2170","NP_416860.4"
"2171","NP_416861.1"
"2172","NP_416862.2"
"2173","NP_416863.1"
"2174","NP_416864.1"
"2175","NP_416865.1"
"2176","NP_416866.1"
"2177","NP_416867.1"
"2178","NP_416868.1"
"2179","NP_416869.1"
"2180","NP_416870.1"
"2181","NP_416871.1"
"2182","NP_416872.4"
"2183","NP_416873.1"
"2184","NP_416874.1"
"2185","NP_416875.1"
"2186","NP_416876.1"
"2187","NP_416877.1"
"2188","NP_416878.1"
"2189","NP_416879.4"
"2190","NP_416880.1"
"2191","NP_416881.1"
"2192","NP_416882.1"
"2193","NP_416883.1"
"2194","NP_416884.1"
"2195","NP_416885.1"
"2196","NP_416886.1"
"2197","NP_416887.1"
"2198","NP_416888.1"
"2199","NP_416889.1"
"2200","NP_416890.1"
"2201","NP_416891.1"
"2202","NP_416893.1"
"2203","NP_416894.1"
"2204","NP_416895.2"
"2205","NP_416896.4"
"2206","NP_416897.2"
"2207","NP_416898.3"
"2208","NP_416899.1"
"2209","NP_416900.1"
"2210","NP_416901.1"
"2211","NP_416902.1"
"2212","NP_416903.1"
"2213","NP_416904.1"
"2214","NP_416905.1"
"2215","NP_416906.1"
"2216","NP_416907.1"
"2217","NP_416908.1"
"2218","NP_416909.1"
"2219","NP_416910.1"
"2220","NP_416911.1"
"2221","NP_416912.1"
"2222","NP_416913.1"
"2223","NP_416914.1"
"2224","NP_416915.1"
"2225","NP_416916.1"
"2226","NP_416917.1"
"2227","NP_416919.1"
"2228","NP_416920.1"
"2229","NP_416921.4"
"2230","NP_416922.1"
"2231","NP_416923.1"
"2232","NP_416924.1"
"2233","NP_416925.2"
"2234","NP_416926.4"
"2235","NP_416927.1"
"2236","NP_416928.4"
"2237","NP_416929.4"
"2238","NP_416930.1"
"2239","NP_416931.1"
"2240","NP_416932.1"
"2241","NP_416933.4"
"2242","NP_416934.1"
"2243","NP_416935.1"
"2244","NP_416936.4"
"2245","NP_416937.2"
"2246","NP_416938.1"
"2247","NP_416939.1"
"2248","NP_416940.2"
"2249","NP_416941.1"
"2250","NP_416942.1"
"2251","NP_416943.2"
"2252","NP_416944.1"
"2253","NP_416945.2"
"2254","NP_416946.1"
"2255","NP_416947.1"
"2256","NP_416948.4"
"2257","NP_416949.1"
"2258","NP_416950.1"
"2259","NP_416951.1"
"2260","NP_416952.2"
"2261","NP_416953.1"
"2262","NP_416954.1"
"2263","NP_416955.1"
"2264","NP_416956.1"
"2265","NP_416957.4"
"2266","NP_416958.1"
"2267","NP_416959.1"
"2268","NP_416960.1"
"2269","NP_416961.1"
"2270","NP_416962.1"
"2271","NP_416963.1"
"2272","NP_416964.1"
"2273","NP_416965.1"
"2274","NP_416966.1"
"2275","NP_416967.1"
"2276","NP_416968.2"
"2277","NP_416969.1"
"2278","NP_416970.1"
"2279","NP_416971.1"
"2280","NP_416972.4"
"2281","NP_416973.1"
"2282","NP_416974.4"
"2283","NP_416975.1"
"2284","NP_416976.4"
"2285","NP_416977.1"
"2286","NP_416978.4"
"2287","NP_416979.1"
"2288","NP_416980.1"
"2289","NP_416981.1"
"2290","NP_416982.1"
"2291","NP_416983.1"
"2292","NP_416984.1"
"2293","NP_416985.4"
"2294","NP_416986.4"
"2295","NP_416987.1"
"2296","NP_416988.1"
"2297","NP_416989.1"
"2298","NP_416990.1"
"2299","NP_416991.2"
"2300","NP_416992.1"
"2301","NP_416993.2"
"2302","NP_416994.1"
"2303","NP_416995.1"
"2304","NP_416996.1"
"2305","NP_416997.1"
"2306","NP_416998.1"
"2307","NP_416999.1"
"2308","NP_417000.1"
"2309","NP_417001.1"
"2310","NP_417002.1"
"2311","NP_417003.1"
"2312","NP_417004.1"
"2313","NP_417005.2"
"2314","NP_417006.2"
"2315","NP_417007.1"
"2316","NP_417008.1"
"2317","NP_417009.1"
"2318","NP_417010.1"
"2319","NP_417011.1"
"2320","NP_417012.1"
"2321","NP_417013.1"
"2322","NP_417014.1"
"2323","NP_417015.1"
"2324","NP_417016.4"
"2325","NP_417017.4"
"2326","NP_417018.4"
"2327","NP_417019.1"
"2328","NP_417020.1"
"2329","NP_417021.1"
"2330","NP_417022.1"
"2331","NP_417023.1"
"2332","NP_417024.1"
"2333","NP_417026.1"
"2334","NP_417027.1"
"2335","NP_417028.1"
"2336","NP_417029.4"
"2337","NP_417030.2"
"2338","NP_417031.1"
"2339","NP_417032.1"
"2340","NP_417033.1"
"2341","NP_417034.1"
"2342","NP_417035.1"
"2343","NP_417036.1"
"2344","NP_417037.1"
"2345","NP_417038.4"
"2346","NP_417039.1"
"2347","NP_417040.2"
"2348","NP_417041.1"
"2349","NP_417042.1"
"2350","NP_417043.1"
"2351","NP_417044.4"
"2352","NP_417045.4"
"2353","NP_417046.1"
"2354","NP_417047.1"
"2355","NP_417048.1"
"2356","NP_417049.1"
"2357","NP_417050.1"
"2358","NP_417051.2"
"2359","NP_417053.2"
"2360","NP_417054.2"
"2361","NP_417055.4"
"2362","NP_417056.2"
"2363","NP_417057.1"
"2364","NP_417058.1"
"2365","NP_417059.1"
"2366","NP_417060.1"
"2367","NP_417061.1"
"2368","NP_417062.1"
"2369","NP_417063.1"
"2370","NP_417064.1"
"2371","NP_417065.1"
"2372","NP_417066.1"
"2373","NP_417067.1"
"2374","NP_417068.1"
"2375","NP_417069.1"
"2376","NP_417070.2"
"2377","NP_417071.1"
"2378","NP_417072.4"
"2379","NP_417073.1"
"2380","NP_417074.1"
"2381","NP_417075.1"
"2382","NP_417076.1"
"2383","NP_417077.1"
"2384","NP_417078.4"
"2385","NP_417079.1"
"2386","NP_417080.4"
"2387","NP_417081.2"
"2388","NP_417082.1"
"2389","NP_417083.1"
"2390","NP_417084.1"
"2391","NP_417085.1"
"2392","NP_417086.1"
"2393","NP_417088.1"
"2394","NP_417089.1"
"2395","NP_417090.1"
"2396","NP_417091.1"
"2397","NP_417092.1"
"2398","NP_417093.2"
"2399","NP_417094.1"
"2400","NP_417095.1"
"2401","NP_417096.1"
"2402","NP_417097.1"
"2403","NP_417098.1"
"2404","NP_417099.4"
"2405","NP_417100.1"
"2406","NP_417101.1"
"2407","NP_417102.4"
"2408","NP_417104.1"
"2409","NP_417105.1"
"2410","NP_417107.2"
"2411","NP_417108.4"
"2412","NP_417109.1"
"2413","NP_417110.1"
"2414","NP_417111.1"
"2415","NP_417112.1"
"2416","NP_417113.1"
"2417","NP_417114.1"
"2418","NP_417115.1"
"2419","NP_417116.1"
"2420","NP_417117.1"
"2421","NP_417118.1"
"2422","NP_417119.1"
"2423","NP_417120.2"
"2424","NP_417122.1"
"2425","NP_417123.1"
"2426","NP_417124.4"
"2427","NP_417125.1"
"2428","NP_417129.1"
"2429","NP_417130.1"
"2430","NP_417131.1"
"2431","NP_417132.1"
"2432","NP_417133.1"
"2433","NP_417134.2"
"2434","NP_417145.4"
"2435","NP_417146.2"
"2436","NP_417147.1"
"2437","NP_417148.1"
"2438","NP_417149.1"
"2439","NP_417150.4"
"2440","NP_417151.1"
"2441","NP_417152.1"
"2442","NP_417153.1"
"2443","NP_417154.1"
"2444","NP_417155.1"
"2445","NP_417156.1"
"2446","NP_417157.1"
"2447","NP_417158.4"
"2448","NP_417159.1"
"2449","NP_417160.1"
"2450","NP_417161.1"
"2451","NP_417162.1"
"2452","NP_417163.1"
"2453","NP_417164.1"
"2454","NP_417165.1"
"2455","NP_417167.1"
"2456","NP_417168.1"
"2457","NP_417169.1"
"2458","NP_417170.1"
"2459","NP_417171.1"
"2460","NP_417172.1"
"2461","NP_417173.1"
"2462","NP_417174.1"
"2463","NP_417175.1"
"2464","NP_417176.1"
"2465","NP_417177.1"
"2466","NP_417178.1"
"2467","NP_417179.1"
"2468","NP_417180.1"
"2469","NP_417181.1"
"2470","NP_417184.1"
"2471","NP_417185.1"
"2472","NP_417186.1"
"2473","NP_417187.1"
"2474","NP_417188.4"
"2475","NP_417189.2"
"2476","NP_417190.1"
"2477","NP_417191.1"
"2478","NP_417192.1"
"2479","NP_417193.1"
"2480","NP_417194.2"
"2481","NP_417196.1"
"2482","NP_417197.1"
"2483","NP_417198.1"
"2484","NP_417199.1"
"2485","NP_417200.1"
"2486","NP_417201.1"
"2487","NP_417202.1"
"2488","NP_417203.1"
"2489","NP_417204.1"
"2490","NP_417205.1"
"2491","NP_417206.1"
"2492","NP_417207.1"
"2493","NP_417208.1"
"2494","NP_417209.1"
"2495","NP_417210.2"
"2496","NP_417211.1"
"2497","NP_417212.1"
"2498","NP_417213.1"
"2499","NP_417214.1"
"2500","NP_417215.2"
"2501","NP_417216.1"
"2502","NP_417217.1"
"2503","NP_417218.1"
"2504","NP_417219.1"
"2505","NP_417220.1"
"2506","NP_417221.1"
"2507","NP_417222.1"
"2508","NP_417223.1"
"2509","NP_417224.1"
"2510","NP_417225.1"
"2511","NP_417226.1"
"2512","NP_417227.1"
"2513","NP_417228.1"
"2514","NP_417229.1"
"2515","NP_417230.1"
"2516","NP_417231.1"
"2517","NP_417232.1"
"2518","NP_417233.1"
"2519","NP_417234.2"
"2520","NP_417235.1"
"2521","NP_417236.1"
"2522","NP_417237.2"
"2523","NP_417238.1"
"2524","NP_417239.1"
"2525","NP_417240.1"
"2526","NP_417241.1"
"2527","NP_417242.1"
"2528","NP_417243.1"
"2529","NP_417244.1"
"2530","NP_417245.1"
"2531","NP_417246.4"
"2532","NP_417247.2"
"2533","NP_417248.1"
"2534","NP_417249.4"
"2535","NP_417250.4"
"2536","NP_417251.2"
"2537","NP_417254.4"
"2538","NP_417255.1"
"2539","NP_417256.1"
"2540","NP_417257.1"
"2541","NP_417258.4"
"2542","NP_417259.1"
"2543","NP_417260.1"
"2544","NP_417261.1"
"2545","NP_417262.1"
"2546","NP_417263.1"
"2547","NP_417264.1"
"2548","NP_417265.1"
"2549","NP_417266.1"
"2550","NP_417267.1"
"2551","NP_417268.1"
"2552","NP_417269.1"
"2553","NP_417270.1"
"2554","NP_417271.1"
"2555","NP_417272.1"
"2556","NP_417273.1"
"2557","NP_417274.1"
"2558","NP_417275.1"
"2559","NP_417276.1"
"2560","NP_417277.1"
"2561","NP_417278.4"
"2562","NP_417279.2"
"2563","NP_417280.1"
"2564","NP_417281.1"
"2565","NP_417282.1"
"2566","NP_417283.2"
"2567","NP_417284.1"
"2568","NP_417285.1"
"2569","NP_417286.1"
"2570","NP_417287.1"
"2571","NP_417288.1"
"2572","NP_417289.2"
"2573","NP_417290.1"
"2574","NP_417291.1"
"2575","NP_417292.1"
"2576","NP_417293.1"
"2577","NP_417294.4"
"2578","NP_417295.1"
"2579","NP_417296.1"
"2580","NP_417297.1"
"2581","NP_417298.1"
"2582","NP_417299.1"
"2583","NP_417300.1"
"2584","NP_417301.4"
"2585","NP_417302.1"
"2586","NP_417303.1"
"2587","NP_417304.1"
"2588","NP_417305.1"
"2589","NP_417306.1"
"2590","NP_417307.1"
"2591","NP_417308.1"
"2592","NP_417309.1"
"2593","NP_417310.1"
"2594","NP_417311.1"
"2595","NP_417312.1"
"2596","NP_417313.1"
"2597","NP_417314.1"
"2598","NP_417315.1"
"2599","NP_417316.1"
"2600","NP_417317.1"
"2601","NP_417318.1"
"2602","NP_417319.1"
"2603","NP_417320.1"
"2604","NP_417321.2"
"2605","NP_417322.1"
"2606","NP_417323.2"
"2607","NP_417324.1"
"2608","NP_417325.4"
"2609","NP_417326.2"
"2610","NP_417328.1"
"2611","NP_417329.1"
"2612","NP_417330.1"
"2613","NP_417337.1"
"2614","NP_417338.3"
"2615","NP_417341.4"
"2616","NP_417342.1"
"2617","NP_417343.1"
"2618","NP_417344.1"
"2619","NP_417345.1"
"2620","NP_417347.1"
"2621","NP_417348.1"
"2622","NP_417349.4"
"2623","NP_417350.1"
"2624","NP_417351.1"
"2625","NP_417352.2"
"2626","NP_417353.1"
"2627","NP_417354.1"
"2628","NP_417355.4"
"2629","NP_417356.1"
"2630","NP_417357.1"
"2631","NP_417358.2"
"2632","NP_417359.1"
"2633","NP_417362.4"
"2634","NP_417363.2"
"2635","NP_417364.2"
"2636","NP_417365.1"
"2637","NP_417366.1"
"2638","NP_417367.1"
"2639","NP_417368.1"
"2640","NP_417369.1"
"2641","NP_417370.1"
"2642","NP_417371.1"
"2643","NP_417372.1"
"2644","NP_417373.1"
"2645","NP_417374.1"
"2646","NP_417375.1"
"2647","NP_417376.1"
"2648","NP_417377.1"
"2649","NP_417378.1"
"2650","NP_417379.1"
"2651","NP_417380.1"
"2652","NP_417381.1"
"2653","NP_417382.1"
"2654","NP_417383.1"
"2655","NP_417384.1"
"2656","NP_417385.4"
"2657","NP_417386.1"
"2658","NP_417387.3"
"2659","NP_417388.1"
"2660","NP_417389.1"
"2661","NP_417391.1"
"2662","NP_417392.1"
"2663","NP_417393.1"
"2664","NP_417394.4"
"2665","NP_417395.1"
"2666","NP_417396.4"
"2667","NP_417397.1"
"2668","NP_417398.1"
"2669","NP_417399.1"
"2670","NP_417400.1"
"2671","NP_417401.1"
"2672","NP_417402.1"
"2673","NP_417403.1"
"2674","NP_417404.1"
"2675","NP_417405.1"
"2676","NP_417408.1"
"2677","NP_417409.1"
"2678","NP_417411.2"
"2679","NP_417412.1"
"2680","NP_417413.1"
"2681","NP_417414.2"
"2682","NP_417415.1"
"2683","NP_417417.1"
"2684","NP_417418.1"
"2685","NP_417419.1"
"2686","NP_417420.1"
"2687","NP_417421.4"
"2688","NP_417422.1"
"2689","NP_417423.4"
"2690","NP_417424.1"
"2691","NP_417425.2"
"2692","NP_417426.1"
"2693","NP_417427.1"
"2694","NP_417428.2"
"2695","NP_417429.1"
"2696","NP_417430.1"
"2697","NP_417431.1"
"2698","NP_417432.1"
"2699","NP_417433.1"
"2700","NP_417434.4"
"2701","NP_417435.1"
"2702","NP_417436.1"
"2703","NP_417437.1"
"2704","NP_417438.2"
"2705","NP_417439.4"
"2706","NP_417440.4"
"2707","NP_417441.1"
"2708","NP_417442.1"
"2709","NP_417445.1"
"2710","NP_417446.4"
"2711","NP_417449.1"
"2712","NP_417450.1"
"2713","NP_417451.1"
"2714","NP_417453.1"
"2715","NP_417454.1"
"2716","NP_417456.2"
"2717","NP_417458.1"
"2718","NP_417459.1"
"2719","NP_417460.1"
"2720","NP_417461.1"
"2721","NP_417462.1"
"2722","NP_417463.4"
"2723","NP_417464.1"
"2724","NP_417465.1"
"2725","NP_417466.1"
"2726","NP_417467.1"
"2727","NP_417468.1"
"2728","NP_417469.1"
"2729","NP_417470.1"
"2730","NP_417471.1"
"2731","NP_417472.1"
"2732","NP_417474.1"
"2733","NP_417475.1"
"2734","NP_417476.1"
"2735","NP_417478.1"
"2736","NP_417479.1"
"2737","NP_417481.1"
"2738","NP_417482.1"
"2739","NP_417483.2"
"2740","NP_417484.1"
"2741","NP_417485.4"
"2742","NP_417487.1"
"2743","NP_417489.1"
"2744","NP_417490.1"
"2745","NP_417491.1"
"2746","NP_417492.1"
"2747","NP_417493.1"
"2748","NP_417494.1"
"2749","NP_417496.1"
"2750","NP_417497.1"
"2751","NP_417498.1"
"2752","NP_417499.1"
"2753","NP_417500.1"
"2754","NP_417501.1"
"2755","NP_417502.1"
"2756","NP_417503.1"
"2757","NP_417504.1"
"2758","NP_417505.1"
"2759","NP_417506.1"
"2760","NP_417507.2"
"2761","NP_417509.3"
"2762","NP_417510.1"
"2763","NP_417511.3"
"2764","NP_417512.1"
"2765","NP_417513.1"
"2766","NP_417514.4"
"2767","NP_417515.1"
"2768","NP_417516.3"
"2769","NP_417517.1"
"2770","NP_417519.4"
"2771","NP_417520.1"
"2772","NP_417521.1"
"2773","NP_417522.1"
"2774","NP_417523.1"
"2775","NP_417524.1"
"2776","NP_417525.1"
"2777","NP_417526.1"
"2778","NP_417527.1"
"2779","NP_417528.1"
"2780","NP_417529.1"
"2781","NP_417530.2"
"2782","NP_417531.1"
"2783","NP_417532.1"
"2784","NP_417533.1"
"2785","NP_417534.1"
"2786","NP_417535.1"
"2787","NP_417536.1"
"2788","NP_417537.1"
"2789","NP_417538.1"
"2790","NP_417539.1"
"2791","NP_417540.1"
"2792","NP_417541.1"
"2793","NP_417542.1"
"2794","NP_417543.1"
"2795","NP_417544.5"
"2796","NP_417545.1"
"2797","NP_417546.1"
"2798","NP_417548.1"
"2799","NP_417550.1"
"2800","NP_417551.1"
"2801","NP_417552.1"
"2802","NP_417553.1"
"2803","NP_417554.1"
"2804","NP_417555.4"
"2805","NP_417556.2"
"2806","NP_417557.1"
"2807","NP_417558.2"
"2808","NP_417560.1"
"2809","NP_417561.1"
"2810","NP_417562.1"
"2811","NP_417563.1"
"2812","NP_417564.2"
"2813","NP_417565.2"
"2814","NP_417566.1"
"2815","NP_417567.1"
"2816","NP_417568.2"
"2817","NP_417569.1"
"2818","NP_417570.1"
"2819","NP_417571.1"
"2820","NP_417572.2"
"2821","NP_417573.1"
"2822","NP_417574.1"
"2823","NP_417575.1"
"2824","NP_417576.1"
"2825","NP_417577.1"
"2826","NP_417578.2"
"2827","NP_417583.4"
"2828","NP_417585.2"
"2829","NP_417586.1"
"2830","NP_417587.1"
"2831","NP_417588.1"
"2832","NP_417589.4"
"2833","NP_417590.2"
"2834","NP_417591.1"
"2835","NP_417593.4"
"2836","NP_417594.3"
"2837","NP_417595.1"
"2838","NP_417596.1"
"2839","NP_417597.1"
"2840","NP_417598.1"
"2841","NP_417599.1"
"2842","NP_417600.1"
"2843","NP_417601.1"
"2844","NP_417602.4"
"2845","NP_417605.1"
"2846","NP_417606.1"
"2847","NP_417607.1"
"2848","NP_417608.1"
"2849","NP_417609.1"
"2850","NP_417610.1"
"2851","NP_417611.1"
"2852","NP_417612.1"
"2853","NP_417613.1"
"2854","NP_417614.1"
"2855","NP_417615.1"
"2856","NP_417616.1"
"2857","NP_417617.1"
"2858","NP_417618.1"
"2859","NP_417619.1"
"2860","NP_417620.1"
"2861","NP_417621.2"
"2862","NP_417622.2"
"2863","NP_417623.1"
"2864","NP_417624.1"
"2865","NP_417625.1"
"2866","NP_417626.1"
"2867","NP_417627.1"
"2868","NP_417628.2"
"2869","NP_417629.1"
"2870","NP_417630.1"
"2871","NP_417631.2"
"2872","NP_417632.1"
"2873","NP_417633.4"
"2874","NP_417634.1"
"2875","NP_417635.1"
"2876","NP_417636.1"
"2877","NP_417637.1"
"2878","NP_417638.1"
"2879","NP_417639.6"
"2880","NP_417640.1"
"2881","NP_417641.4"
"2882","NP_417642.1"
"2883","NP_417643.1"
"2884","NP_417644.4"
"2885","NP_417645.1"
"2886","NP_417646.1"
"2887","NP_417647.1"
"2888","NP_417648.4"
"2889","NP_417649.1"
"2890","NP_417650.1"
"2891","NP_417651.1"
"2892","NP_417652.1"
"2893","NP_417653.1"
"2894","NP_417654.1"
"2895","NP_417655.1"
"2896","NP_417656.1"
"2897","NP_417657.2"
"2898","NP_417658.4"
"2899","NP_417659.1"
"2900","NP_417660.1"
"2901","NP_417661.1"
"2902","NP_417662.1"
"2903","NP_417663.1"
"2904","NP_417664.1"
"2905","NP_417665.1"
"2906","NP_417666.1"
"2907","NP_417667.1"
"2908","NP_417668.1"
"2909","NP_417669.1"
"2910","NP_417670.1"
"2911","NP_417671.1"
"2912","NP_417672.1"
"2913","NP_417673.1"
"2914","NP_417674.1"
"2915","NP_417675.1"
"2916","NP_417676.2"
"2917","NP_417678.1"
"2918","NP_417679.2"
"2919","NP_417680.1"
"2920","NP_417681.1"
"2921","NP_417682.1"
"2922","NP_417683.1"
"2923","NP_417685.2"
"2924","NP_417686.1"
"2925","NP_417687.1"
"2926","NP_417688.1"
"2927","NP_417689.4"
"2928","NP_417690.1"
"2929","NP_417691.4"
"2930","NP_417692.1"
"2931","NP_417693.3"
"2932","NP_417694.1"
"2933","NP_417695.1"
"2934","NP_417696.1"
"2935","NP_417697.1"
"2936","NP_417698.1"
"2937","NP_417699.1"
"2938","NP_417700.2"
"2939","NP_417701.1"
"2940","NP_417702.1"
"2941","NP_417703.1"
"2942","NP_417704.1"
"2943","NP_417705.2"
"2944","NP_417706.1"
"2945","NP_417707.1"
"2946","NP_417708.1"
"2947","NP_417709.2"
"2948","NP_417710.1"
"2949","NP_417711.1"
"2950","NP_417713.2"
"2951","NP_417714.1"
"2952","NP_417715.1"
"2953","NP_417716.1"
"2954","NP_417717.2"
"2955","NP_417718.1"
"2956","NP_417719.1"
"2957","NP_417721.1"
"2958","NP_417722.1"
"2959","NP_417723.1"
"2960","NP_417724.4"
"2961","NP_417725.1"
"2962","NP_417726.1"
"2963","NP_417727.1"
"2964","NP_417728.4"
"2965","NP_417729.1"
"2966","NP_417730.1"
"2967","NP_417731.1"
"2968","NP_417732.1"
"2969","NP_417733.1"
"2970","NP_417736.2"
"2971","NP_417737.1"
"2972","NP_417738.4"
"2973","NP_417739.1"
"2974","NP_417740.1"
"2975","NP_417741.1"
"2976","NP_417743.1"
"2977","NP_417745.1"
"2978","NP_417746.1"
"2979","NP_417747.1"
"2980","NP_417748.1"
"2981","NP_417749.1"
"2982","NP_417751.1"
"2983","NP_417752.1"
"2984","NP_417753.1"
"2985","NP_417754.1"
"2986","NP_417755.1"
"2987","NP_417756.1"
"2988","NP_417757.1"
"2989","NP_417758.1"
"2990","NP_417759.1"
"2991","NP_417760.1"
"2992","NP_417761.1"
"2993","NP_417762.1"
"2994","NP_417763.1"
"2995","NP_417764.1"
"2996","NP_417765.1"
"2997","NP_417766.1"
"2998","NP_417767.1"
"2999","NP_417768.1"
"3000","NP_417769.1"
"3001","NP_417770.1"
"3002","NP_417771.1"
"3003","NP_417772.1"
"3004","NP_417773.1"
"3005","NP_417774.1"
"3006","NP_417775.1"
"3007","NP_417776.1"
"3008","NP_417777.1"
"3009","NP_417778.1"
"3010","NP_417779.1"
"3011","NP_417780.1"
"3012","NP_417781.1"
"3013","NP_417782.1"
"3014","NP_417783.1"
"3015","NP_417784.4"
"3016","NP_417785.1"
"3017","NP_417786.1"
"3018","NP_417787.1"
"3019","NP_417788.1"
"3020","NP_417789.4"
"3021","NP_417790.1"
"3022","NP_417791.1"
"3023","NP_417792.2"
"3024","NP_417793.2"
"3025","NP_417794.1"
"3026","NP_417795.1"
"3027","NP_417796.1"
"3028","NP_417797.1"
"3029","NP_417798.1"
"3030","NP_417799.1"
"3031","NP_417800.1"
"3032","NP_417801.1"
"3033","NP_417802.1"
"3034","NP_417803.1"
"3035","NP_417804.1"
"3036","NP_417805.4"
"3037","NP_417806.1"
"3038","NP_417807.1"
"3039","NP_417808.1"
"3040","NP_417809.1"
"3041","NP_417810.1"
"3042","NP_417811.1"
"3043","NP_417812.1"
"3044","NP_417813.1"
"3045","NP_417814.1"
"3046","NP_417815.1"
"3047","NP_417816.1"
"3048","NP_417817.2"
"3049","NP_417818.1"
"3050","NP_417819.1"
"3051","NP_417820.1"
"3052","NP_417821.1"
"3053","NP_417822.1"
"3054","NP_417823.1"
"3055","NP_417824.1"
"3056","NP_417825.1"
"3057","NP_417827.1"
"3058","NP_417828.1"
"3059","NP_417829.2"
"3060","NP_417830.4"
"3061","NP_417833.1"
"3062","NP_417834.6"
"3063","NP_417835.1"
"3064","NP_417836.1"
"3065","NP_417837.2"
"3066","NP_417838.1"
"3067","NP_417839.1"
"3068","NP_417840.1"
"3069","NP_417841.2"
"3070","NP_417843.1"
"3071","NP_417844.1"
"3072","NP_417845.1"
"3073","NP_417846.1"
"3074","NP_417847.1"
"3075","NP_417848.1"
"3076","NP_417850.1"
"3077","NP_417851.4"
"3078","NP_417852.1"
"3079","NP_417853.1"
"3080","NP_417854.4"
"3081","NP_417855.4"
"3082","NP_417856.1"
"3083","NP_417857.1"
"3084","NP_417858.4"
"3085","NP_417859.1"
"3086","NP_417860.2"
"3087","NP_417861.1"
"3088","NP_417862.1"
"3089","NP_417863.1"
"3090","NP_417864.1"
"3091","NP_417866.4"
"3092","NP_417867.1"
"3093","NP_417868.1"
"3094","NP_417869.1"
"3095","NP_417870.1"
"3096","NP_417871.1"
"3097","NP_417872.2"
"3098","NP_417873.1"
"3099","NP_417875.1"
"3100","NP_417877.1"
"3101","NP_417879.1"
"3102","NP_417880.1"
"3103","NP_417883.1"
"3104","NP_417884.1"
"3105","NP_417886.1"
"3106","NP_417887.1"
"3107","NP_417888.1"
"3108","NP_417889.1"
"3109","NP_417890.1"
"3110","NP_417891.1"
"3111","NP_417892.1"
"3112","NP_417894.2"
"3113","NP_417896.1"
"3114","NP_417897.1"
"3115","NP_417898.1"
"3116","NP_417899.1"
"3117","NP_417901.1"
"3118","NP_417902.1"
"3119","NP_417903.1"
"3120","NP_417904.1"
"3121","NP_417905.1"
"3122","NP_417906.1"
"3123","NP_417907.2"
"3124","NP_417908.1"
"3125","NP_417909.1"
"3126","NP_417910.1"
"3127","NP_417911.4"
"3128","NP_417912.1"
"3129","NP_417913.1"
"3130","NP_417914.1"
"3131","NP_417915.1"
"3132","NP_417916.1"
"3133","NP_417918.1"
"3134","NP_417919.1"
"3135","NP_417920.1"
"3136","NP_417921.1"
"3137","NP_417922.1"
"3138","NP_417923.1"
"3139","NP_417924.1"
"3140","NP_417925.1"
"3141","NP_417926.1"
"3142","NP_417927.1"
"3143","NP_417928.1"
"3144","NP_417929.4"
"3145","NP_417930.2"
"3146","NP_417931.4"
"3147","NP_417932.1"
"3148","NP_417933.1"
"3149","NP_417934.1"
"3150","NP_417935.1"
"3151","NP_417936.1"
"3152","NP_417937.1"
"3153","NP_417938.1"
"3154","NP_417940.2"
"3155","NP_417941.1"
"3156","NP_417942.6"
"3157","NP_417944.1"
"3158","NP_417945.1"
"3159","NP_417948.4"
"3160","NP_417949.1"
"3161","NP_417950.1"
"3162","NP_417951.1"
"3163","NP_417952.1"
"3164","NP_417953.1"
"3165","NP_417954.1"
"3166","NP_417955.1"
"3167","NP_417956.1"
"3168","NP_417957.1"
"3169","NP_417958.1"
"3170","NP_417959.4"
"3171","NP_417960.1"
"3172","NP_417962.2"
"3173","NP_417963.4"
"3174","NP_417964.1"
"3175","NP_417965.1"
"3176","NP_417966.4"
"3177","NP_417967.1"
"3178","NP_417968.1"
"3179","NP_417969.1"
"3180","NP_417970.1"
"3181","NP_417971.1"
"3182","NP_417972.1"
"3183","NP_417973.1"
"3184","NP_417974.1"
"3185","NP_417975.1"
"3186","NP_417976.1"
"3187","NP_417977.1"
"3188","NP_417978.2"
"3189","NP_417979.1"
"3190","NP_417980.1"
"3191","NP_417981.2"
"3192","NP_417982.2"
"3193","NP_417983.2"
"3194","NP_417984.1"
"3195","NP_417985.1"
"3196","NP_417986.4"
"3197","NP_417988.1"
"3198","NP_417989.1"
"3199","NP_417990.4"
"3200","NP_417992.1"
"3201","NP_417993.1"
"3202","NP_417994.2"
"3203","NP_417995.1"
"3204","NP_417996.1"
"3205","NP_417997.1"
"3206","NP_417998.1"
"3207","NP_417999.1"
"3208","NP_418000.1"
"3209","NP_418001.1"
"3210","NP_418002.2"
"3211","NP_418003.1"
"3212","NP_418004.4"
"3213","NP_418005.1"
"3214","NP_418006.1"
"3215","NP_418007.3"
"3216","NP_418009.2"
"3217","NP_418010.2"
"3218","NP_418011.1"
"3219","NP_418012.1"
"3220","NP_418014.1"
"3221","NP_418015.1"
"3222","NP_418016.1"
"3223","NP_418017.1"
"3224","NP_418018.1"
"3225","NP_418019.4"
"3226","NP_418020.2"
"3227","NP_418021.1"
"3228","NP_418022.1"
"3229","NP_418023.1"
"3230","NP_418024.1"
"3231","NP_418025.1"
"3232","NP_418026.1"
"3233","NP_418028.1"
"3234","NP_418030.1"
"3235","NP_418031.1"
"3236","NP_418032.1"
"3237","NP_418033.1"
"3238","NP_418034.1"
"3239","NP_418036.1"
"3240","NP_418037.1"
"3241","NP_418038.1"
"3242","NP_418039.2"
"3243","NP_418040.1"
"3244","NP_418041.1"
"3245","NP_418042.1"
"3246","NP_418043.1"
"3247","NP_418044.1"
"3248","NP_418045.4"
"3249","NP_418047.1"
"3250","NP_418048.1"
"3251","NP_418049.1"
"3252","NP_418050.1"
"3253","NP_418051.1"
"3254","NP_418053.1"
"3255","NP_418054.1"
"3256","NP_418055.1"
"3257","NP_418056.1"
"3258","NP_418057.1"
"3259","NP_418058.1"
"3260","NP_418059.1"
"3261","NP_418060.1"
"3262","NP_418061.1"
"3263","NP_418062.1"
"3264","NP_418063.1"
"3265","NP_418064.1"
"3266","NP_418065.1"
"3267","NP_418066.1"
"3268","NP_418067.1"
"3269","NP_418068.1"
"3270","NP_418069.1"
"3271","NP_418070.6"
"3272","NP_418071.4"
"3273","NP_418072.1"
"3274","NP_418073.1"
"3275","NP_418074.1"
"3276","NP_418075.2"
"3277","NP_418076.1"
"3278","NP_418077.1"
"3279","NP_418078.1"
"3280","NP_418079.1"
"3281","NP_418080.1"
"3282","NP_418081.1"
"3283","NP_418082.1"
"3284","NP_418083.1"
"3285","NP_418084.1"
"3286","NP_418085.2"
"3287","NP_418086.1"
"3288","NP_418087.1"
"3289","NP_418088.1"
"3290","NP_418089.1"
"3291","NP_418090.1"
"3292","NP_418091.1"
"3293","NP_418092.1"
"3294","NP_418093.1"
"3295","NP_418094.1"
"3296","NP_418095.4"
"3297","NP_418096.4"
"3298","NP_418097.2"
"3299","NP_418098.4"
"3300","NP_418099.1"
"3301","NP_418101.1"
"3302","NP_418102.2"
"3303","NP_418103.4"
"3304","NP_418104.2"
"3305","NP_418105.1"
"3306","NP_418106.1"
"3307","NP_418107.1"
"3308","NP_418108.1"
"3309","NP_418109.1"
"3310","NP_418110.1"
"3311","NP_418111.1"
"3312","NP_418112.1"
"3313","NP_418113.1"
"3314","NP_418114.4"
"3315","NP_418115.1"
"3316","NP_418116.1"
"3317","NP_418117.1"
"3318","NP_418118.2"
"3319","NP_418119.2"
"3320","NP_418120.2"
"3321","NP_418121.1"
"3322","NP_418122.1"
"3323","NP_418123.2"
"3324","NP_418124.4"
"3325","NP_418125.1"
"3326","NP_418126.1"
"3327","NP_418127.1"
"3328","NP_418128.1"
"3329","NP_418129.2"
"3330","NP_418130.1"
"3331","NP_418131.1"
"3332","NP_418132.1"
"3333","NP_418133.1"
"3334","NP_418134.1"
"3335","NP_418135.1"
"3336","NP_418136.2"
"3337","NP_418139.1"
"3338","NP_418140.4"
"3339","NP_418141.2"
"3340","NP_418142.1"
"3341","NP_418143.2"
"3342","NP_418144.3"
"3343","NP_418145.2"
"3344","NP_418146.4"
"3345","NP_418148.1"
"3346","NP_418152.1"
"3347","NP_418153.4"
"3348","NP_418155.1"
"3349","NP_418156.1"
"3350","NP_418157.1"
"3351","NP_418158.1"
"3352","NP_418159.1"
"3353","NP_418161.1"
"3354","NP_418162.1"
"3355","NP_418163.1"
"3356","NP_418164.4"
"3357","NP_418165.1"
"3358","NP_418166.1"
"3359","NP_418167.1"
"3360","NP_418168.2"
"3361","NP_418169.1"
"3362","NP_418170.1"
"3363","NP_418171.1"
"3364","NP_418172.1"
"3365","NP_418173.1"
"3366","NP_418175.3"
"3367","NP_418176.1"
"3368","NP_418177.1"
"3369","NP_418178.1"
"3370","NP_418179.1"
"3371","NP_418180.1"
"3372","NP_418181.1"
"3373","NP_418182.1"
"3374","NP_418183.1"
"3375","NP_418184.1"
"3376","NP_418185.1"
"3377","NP_418186.1"
"3378","NP_418187.1"
"3379","NP_418188.1"
"3380","NP_418189.1"
"3381","NP_418190.1"
"3382","NP_418191.1"
"3383","NP_418192.1"
"3384","NP_418193.1"
"3385","NP_418194.1"
"3386","NP_418195.2"
"3387","NP_418196.1"
"3388","NP_418197.1"
"3389","NP_418198.1"
"3390","NP_418199.1"
"3391","NP_418200.1"
"3392","NP_418202.4"
"3393","NP_418204.2"
"3394","NP_418205.1"
"3395","NP_418206.1"
"3396","NP_418207.1"
"3397","NP_418208.1"
"3398","NP_418209.1"
"3399","NP_418210.1"
"3400","NP_418213.1"
"3401","NP_418214.2"
"3402","NP_418215.1"
"3403","NP_418217.1"
"3404","NP_418220.1"
"3405","NP_418221.1"
"3406","NP_418222.1"
"3407","NP_418223.1"
"3408","NP_418227.1"
"3409","NP_418228.2"
"3410","NP_418230.1"
"3411","NP_418231.1"
"3412","NP_418232.2"
"3413","NP_418236.1"
"3414","NP_418238.1"
"3415","NP_418239.1"
"3416","NP_418241.1"
"3417","NP_418242.1"
"3418","NP_418245.1"
"3419","NP_418246.1"
"3420","NP_418247.1"
"3421","NP_418248.1"
"3422","NP_418250.1"
"3423","NP_418251.1"
"3424","NP_418254.2"
"3425","NP_418255.1"
"3426","NP_418256.1"
"3427","NP_418257.1"
"3428","NP_418258.1"
"3429","NP_418260.1"
"3430","NP_418261.1"
"3431","NP_418262.2"
"3432","NP_418264.4"
"3433","NP_418265.1"
"3434","NP_418271.1"
"3435","NP_418272.1"
"3436","NP_418273.1"
"3437","NP_418275.1"
"3438","NP_418276.1"
"3439","NP_418278.1"
"3440","NP_418279.1"
"3441","NP_418280.4"
"3442","NP_418282.1"
"3443","NP_418284.1"
"3444","NP_418285.1"
"3445","NP_418286.1"
"3446","NP_418288.1"
"3447","NP_418289.1"
"3448","NP_418290.4"
"3449","NP_418292.1"
"3450","NP_418293.2"
"3451","NP_418294.1"
"3452","NP_418295.1"
"3453","NP_418296.1"
"3454","NP_418297.1"
"3455","NP_418298.4"
"3456","NP_418299.1"
"3457","NP_418300.1"
"3458","NP_418301.3"
"3459","NP_418302.1"
"3460","NP_418303.2"
"3461","NP_418304.1"
"3462","NP_418305.1"
"3463","NP_418306.1"
"3464","NP_418308.1"
"3465","NP_418309.1"
"3466","NP_418310.1"
"3467","NP_418311.1"
"3468","NP_418313.4"
"3469","NP_418314.1"
"3470","NP_418315.3"
"3471","NP_418316.4"
"3472","NP_418317.1"
"3473","NP_418318.1"
"3474","NP_418319.2"
"3475","NP_418320.2"
"3476","NP_418321.4"
"3477","NP_418322.1"
"3478","NP_418323.1"
"3479","NP_418324.1"
"3480","NP_418325.4"
"3481","NP_418326.2"
"3482","NP_418327.1"
"3483","NP_418328.1"
"3484","NP_418329.1"
"3485","NP_418330.1"
"3486","NP_418331.1"
"3487","NP_418332.1"
"3488","NP_418333.1"
"3489","NP_418334.1"
"3490","NP_418335.4"
"3491","NP_418336.1"
"3492","NP_418337.1"
"3493","NP_418338.1"
"3494","NP_418340.1"
"3495","NP_418341.1"
"3496","NP_418342.2"
"3497","NP_418343.1"
"3498","NP_418344.3"
"3499","NP_418345.2"
"3500","NP_418346.2"
"3501","NP_418347.1"
"3502","NP_418348.1"
"3503","NP_418350.1"
"3504","NP_418351.1"
"3505","NP_418352.1"
"3506","NP_418353.1"
"3507","NP_418354.1"
"3508","NP_418355.1"
"3509","NP_418356.1"
"3510","NP_418357.1"
"3511","NP_418358.1"
"3512","NP_418359.1"
"3513","NP_418360.1"
"3514","NP_418361.1"
"3515","NP_418362.1"
"3516","NP_418363.1"
"3517","NP_418364.1"
"3518","NP_418365.1"
"3519","NP_418366.1"
"3520","NP_418367.1"
"3521","NP_418368.1"
"3522","NP_418369.1"
"3523","NP_418370.1"
"3524","NP_418371.1"
"3525","NP_418372.1"
"3526","NP_418373.1"
"3527","NP_418374.1"
"3528","NP_418375.1"
"3529","NP_418376.1"
"3530","NP_418377.1"
"3531","NP_418378.4"
"3532","NP_418379.1"
"3533","NP_418380.4"
"3534","NP_418381.1"
"3535","NP_418384.1"
"3536","NP_418385.1"
"3537","NP_418386.1"
"3538","NP_418387.3"
"3539","NP_418388.1"
"3540","NP_418389.1"
"3541","NP_418390.1"
"3542","NP_418391.1"
"3543","NP_418392.1"
"3544","NP_418393.1"
"3545","NP_418394.3"
"3546","NP_418395.1"
"3547","NP_418396.1"
"3548","NP_418397.2"
"3549","NP_418398.3"
"3550","NP_418399.1"
"3551","NP_418400.1"
"3552","NP_418401.1"
"3553","NP_418402.2"
"3554","NP_418403.1"
"3555","NP_418404.1"
"3556","NP_418405.1"
"3557","NP_418407.1"
"3558","NP_418408.1"
"3559","NP_418409.1"
"3560","NP_418410.1"
"3561","NP_418411.1"
"3562","NP_418412.1"
"3563","NP_418413.1"
"3564","NP_418414.1"
"3565","NP_418415.1"
"3566","NP_418416.1"
"3567","NP_418417.1"
"3568","NP_418418.2"
"3569","NP_418420.4"
"3570","NP_418421.1"
"3571","NP_418422.1"
"3572","NP_418423.1"
"3573","NP_418425.1"
"3574","NP_418426.2"
"3575","NP_418427.1"
"3576","NP_418428.1"
"3577","NP_418429.1"
"3578","NP_418430.2"
"3579","NP_418431.1"
"3580","NP_418432.1"
"3581","NP_418433.1"
"3582","NP_418434.1"
"3583","NP_418435.1"
"3584","NP_418436.1"
"3585","NP_418437.1"
"3586","NP_418438.1"
"3587","NP_418439.1"
"3588","NP_418440.1"
"3589","NP_418441.1"
"3590","NP_418442.2"
"3591","NP_418443.1"
"3592","NP_418444.1"
"3593","NP_418445.1"
"3594","NP_418446.1"
"3595","NP_418447.1"
"3596","NP_418448.1"
"3597","NP_418449.1"
"3598","NP_418450.1"
"3599","NP_418451.4"
"3600","NP_418452.1"
"3601","NP_418453.1"
"3602","NP_418454.1"
"3603","NP_418455.1"
"3604","NP_418456.1"
"3605","NP_418457.1"
"3606","NP_418458.1"
"3607","NP_418459.1"
"3608","NP_418460.1"
"3609","NP_418461.1"
"3610","NP_418463.4"
"3611","NP_418464.1"
"3612","NP_418465.4"
"3613","NP_418466.1"
"3614","NP_418467.1"
"3615","NP_418468.3"
"3616","NP_418469.1"
"3617","NP_418470.4"
"3618","NP_418471.1"
"3619","NP_418472.1"
"3620","NP_418473.3"
"3621","NP_418474.4"
"3622","NP_418475.1"
"3623","NP_418476.1"
"3624","NP_418477.1"
"3625","NP_418478.1"
"3626","NP_418479.1"
"3627","NP_418480.1"
"3628","NP_418481.1"
"3629","NP_418482.1"
"3630","NP_418483.1"
"3631","NP_418484.4"
"3632","NP_418485.1"
"3633","NP_418486.1"
"3634","NP_418487.1"
"3635","NP_418488.1"
"3636","NP_418489.1"
"3637","NP_418490.1"
"3638","NP_418491.1"
"3639","NP_418492.1"
"3640","NP_418493.1"
"3641","NP_418494.1"
"3642","NP_418495.2"
"3643","NP_418496.1"
"3644","NP_418497.1"
"3645","NP_418498.1"
"3646","NP_418499.1"
"3647","NP_418500.1"
"3648","NP_418501.1"
"3649","NP_418502.1"
"3650","NP_418503.1"
"3651","NP_418504.1"
"3652","NP_418505.2"
"3653","NP_418506.1"
"3654","NP_418507.2"
"3655","NP_418508.1"
"3656","NP_418509.1"
"3657","NP_418510.1"
"3658","NP_418511.1"
"3659","NP_418512.1"
"3660","NP_418513.4"
"3661","NP_418514.1"
"3662","NP_418516.1"
"3663","NP_418517.1"
"3664","NP_418518.1"
"3665","NP_418519.1"
"3666","NP_418520.1"
"3667","NP_418522.1"
"3668","NP_418523.1"
"3669","NP_418524.1"
"3670","NP_418525.1"
"3671","NP_418526.1"
"3672","NP_418529.1"
"3673","NP_418530.1"
"3674","NP_418531.1"
"3675","NP_418532.1"
"3676","NP_418533.1"
"3677","NP_418534.4"
"3678","NP_418535.1"
"3679","NP_418536.1"
"3680","NP_418537.1"
"3681","NP_418538.2"
"3682","NP_418539.1"
"3683","NP_418540.1"
"3684","NP_418541.2"
"3685","NP_418542.1"
"3686","NP_418543.1"
"3687","NP_418544.2"
"3688","NP_418545.1"
"3689","NP_418546.1"
"3690","NP_418547.1"
"3691","NP_418548.1"
"3692","NP_418549.1"
"3693","NP_418550.1"
"3694","NP_418551.1"
"3695","NP_418552.1"
"3696","NP_418553.1"
"3697","NP_418554.1"
"3698","NP_418555.1"
"3699","NP_418556.1"
"3700","NP_418557.1"
"3701","NP_418558.2"
"3702","NP_418559.1"
"3703","NP_418560.1"
"3704","NP_418561.1"
"3705","NP_418562.4"
"3706","NP_418564.2"
"3707","NP_418565.1"
"3708","NP_418566.1"
"3709","NP_418567.1"
"3710","NP_418568.2"
"3711","NP_418569.1"
"3712","NP_418570.1"
"3713","NP_418571.1"
"3714","NP_418572.4"
"3715","NP_418573.1"
"3716","NP_418574.1"
"3717","NP_418575.1"
"3718","NP_418576.1"
"3719","NP_418577.1"
"3720","NP_418578.1"
"3721","NP_418579.2"
"3722","NP_418580.2"
"3723","NP_418581.1"
"3724","NP_418582.1"
"3725","NP_418583.1"
"3726","NP_418584.1"
"3727","NP_418585.4"
"3728","NP_418586.4"
"3729","NP_418587.1"
"3730","NP_418588.1"
"3731","NP_418589.1"
"3732","NP_418590.1"
"3733","NP_418591.1"
"3734","NP_418592.1"
"3735","NP_418593.1"
"3736","NP_418594.1"
"3737","NP_418595.1"
"3738","NP_418596.1"
"3739","NP_418597.1"
"3740","NP_418598.1"
"3741","NP_418599.1"
"3742","NP_418600.4"
"3743","NP_418601.1"
"3744","NP_418602.1"
"3745","NP_418603.1"
"3746","NP_418604.1"
"3747","NP_418605.1"
"3748","NP_418606.1"
"3749","NP_418607.1"
"3750","NP_418608.6"
"3751","NP_418609.4"
"3752","NP_418610.4"
"3753","NP_418611.1"
"3754","NP_418612.1"
"3755","NP_418613.2"
"3756","NP_418614.4"
"3757","NP_418615.1"
"3758","NP_418616.1"
"3759","NP_418617.1"
"3760","NP_418618.1"
"3761","NP_418619.1"
"3762","NP_418620.1"
"3763","NP_418621.5"
"3764","NP_418622.1"
"3765","NP_418623.1"
"3766","NP_418624.1"
"3767","NP_418625.1"
"3768","NP_418627.4"
"3769","NP_418628.4"
"3770","NP_418629.1"
"3771","NP_418630.1"
"3772","NP_418631.2"
"3773","NP_418632.1"
"3774","NP_418633.4"
"3775","NP_418634.1"
"3776","NP_418635.1"
"3777","NP_418637.1"
"3778","NP_418638.2"
"3779","NP_418639.1"
"3780","NP_418640.1"
"3781","NP_418641.1"
"3782","NP_418642.1"
"3783","NP_418643.1"
"3784","NP_418645.2"
"3785","NP_418646.1"
"3786","NP_418647.1"
"3787","NP_418648.1"
"3788","NP_418651.3"
"3789","NP_418652.2"
"3790","NP_418653.1"
"3791","NP_418654.1"
"3792","NP_418655.1"
"3793","NP_418656.1"
"3794","NP_418658.1"
"3795","NP_418659.1"
"3796","NP_418660.1"
"3797","NP_418661.1"
"3798","NP_418662.1"
"3799","NP_418663.1"
"3800","NP_418664.2"
"3801","NP_418665.1"
"3802","NP_418666.1"
"3803","NP_418667.1"
"3804","NP_418669.1"
"3805","NP_418670.1"
"3806","NP_418672.4"
"3807","NP_418673.4"
"3808","NP_418674.2"
"3809","NP_418675.1"
"3810","NP_418676.1"
"3811","NP_418679.1"
"3812","NP_418680.1"
"3813","NP_418681.1"
"3814","NP_418682.1"
"3815","NP_418683.4"
"3816","NP_418684.1"
"3817","NP_418685.1"
"3818","NP_418686.1"
"3819","NP_418687.1"
"3820","NP_418688.1"
"3821","NP_418689.1"
"3822","NP_418690.4"
"3823","NP_418692.2"
"3824","NP_418693.1"
"3825","NP_418697.1"
"3826","NP_418698.1"
"3827","NP_418699.4"
"3828","NP_418700.2"
"3829","NP_418704.1"
"3830","NP_418707.1"
"3831","NP_418708.1"
"3832","NP_418709.1"
"3833","NP_418710.4"
"3834","NP_418711.1"
"3835","NP_418712.1"
"3836","NP_418713.1"
"3837","NP_418714.1"
"3838","NP_418715.2"
"3839","NP_418716.1"
"3840","NP_418717.1"
"3841","NP_418718.4"
"3842","NP_418719.1"
"3843","NP_418720.1"
"3844","NP_418721.1"
"3845","NP_418722.1"
"3846","NP_418723.1"
"3847","NP_418724.1"
"3848","NP_418725.4"
"3849","NP_418726.1"
"3850","NP_418727.1"
"3851","NP_418729.1"
"3852","NP_418730.4"
"3853","NP_418731.2"
"3854","NP_418732.1"
"3855","NP_418733.1"
"3856","NP_418734.1"
"3857","NP_418735.2"
"3858","NP_418736.3"
"3859","NP_418737.1"
"3860","NP_418738.1"
"3861","NP_418739.1"
"3862","NP_418740.1"
"3863","NP_418741.1"
"3864","NP_418742.1"
"3865","NP_418743.1"
"3866","NP_418744.1"
"3867","NP_418745.3"
"3868","NP_418746.4"
"3869","NP_418747.1"
"3870","NP_418748.1"
"3871","NP_418749.1"
"3872","NP_418750.2"
"3873","NP_418751.4"
"3874","NP_418752.1"
"3875","NP_418753.3"
"3876","NP_418754.2"
"3877","NP_418755.4"
"3878","NP_418756.1"
"3879","NP_418757.1"
"3880","NP_418760.1"
"3881","NP_418761.1"
"3882","NP_418765.1"
"3883","NP_418766.4"
"3884","NP_418767.4"
"3885","NP_418768.1"
"3886","NP_418769.1"
"3887","NP_418770.2"
"3888","NP_418771.1"
"3889","NP_418772.4"
"3890","NP_418773.1"
"3891","NP_418774.2"
"3892","NP_418775.1"
"3893","NP_418776.1"
"3894","NP_418778.4"
"3895","NP_418779.2"
"3896","NP_418780.2"
"3897","NP_418781.1"
"3898","NP_418782.1"
"3899","NP_418783.2"
"3900","NP_418784.4"
"3901","NP_418785.1"
"3902","NP_418786.4"
"3903","NP_418787.1"
"3904","NP_418788.1"
"3905","NP_418789.1"
"3906","NP_418790.1"
"3907","NP_418791.1"
"3908","NP_418792.1"
"3909","NP_418793.1"
"3910","NP_418794.1"
"3911","NP_418796.1"
"3912","NP_418797.1"
"3913","NP_418798.1"
"3914","NP_418799.1"
"3915","NP_418800.1"
"3916","NP_418801.1"
"3917","NP_418802.1"
"3918","NP_418803.1"
"3919","NP_418804.1"
"3920","NP_418805.1"
"3921","NP_418806.1"
"3922","NP_418807.4"
"3923","NP_418808.1"
"3924","NP_418809.4"
"3925","NP_418810.1"
"3926","NP_418811.2"
"3927","NP_418812.1"
"3928","NP_418813.1"
"3929","NP_418814.1"
"3930","NP_418815.1"
"3931","NP_418816.1"
"3932","NP_418817.1"
"3933","NP_418818.1"
"3934","NP_418819.1"
"3935","NP_418820.1"
"3936","YP_001165307.1"
"3937","YP_001165308.1"
"3938","YP_001165309.1"
"3939","YP_001165313.1"
"3940","YP_001165314.1"
"3941","YP_001165315.1"
"3942","YP_001165316.1"
"3943","YP_001165317.1"
"3944","YP_001165318.1"
"3945","YP_001165319.1"
"3946","YP_001165320.1"
"3947","YP_001165321.1"
"3948","YP_001165325.1"
"3949","YP_001165328.2"
"3950","YP_001165331.1"
"3951","YP_001165332.1"
"3952","YP_001165333.1"
"3953","YP_001165334.1"
"3954","YP_001491546.1"
"3955","YP_001491548.1"
"3956","YP_002791237.1"
"3957","YP_002791238.1"
"3958","YP_002791239.1"
"3959","YP_002791240.1"
"3960","YP_002791241.1"
"3961","YP_002791242.1"
"3962","YP_002791243.1"
"3963","YP_002791244.1"
"3964","YP_002791245.1"
"3965","YP_002791246.1"
"3966","YP_002791247.1"
"3967","YP_002791248.1"
"3968","YP_002791249.1"
"3969","YP_002791250.1"
"3970","YP_002791251.1"
"3971","YP_002791252.1"
"3972","YP_002791253.1"
"3973","YP_002791254.1"
"3974","YP_002791255.1"
"3975","YP_002791256.1"
"3976","YP_002791257.1"
"3977","YP_002791258.1"
"3978","YP_002791259.1"
"3979","YP_002791260.1"
"3980","YP_002791261.1"
"3981","YP_003933616.1"
"3982","YP_004831120.1"
"3983","YP_008592385.1"
"3984","YP_009029994.1"
"3985","YP_009029995.1"
"3986","YP_009518733.1"
"3987","YP_009518734.1"
"3988","YP_009518735.1"
"3989","YP_009518736.1"
"3990","YP_009518737.1"
"3991","YP_009518738.1"
"3992","YP_009518739.1"
"3993","YP_009518740.1"
"3994","YP_009518741.1"
"3995","YP_009518742.1"
"3996","YP_009518743.1"
"3997","YP_009518744.1"
"3998","YP_009518745.1"
"3999","YP_009518746.1"
"4000","YP_009518747.1"
"4001","YP_009518748.2"
"4002","YP_009518749.1"
"4003","YP_009518750.1"
"4004","YP_009518751.1"
"4005","YP_009518752.1"
"4006","YP_009518753.1"
"4007","YP_009518754.1"
"4008","YP_009518755.1"
"4009","YP_009518756.1"
"4010","YP_009518757.1"
"4011","YP_009518758.1"
"4012","YP_009518759.1"
"4013","YP_009518760.1"
"4014","YP_009518761.1"
"4015","YP_009518762.2"
"4016","YP_009518763.1"
"4017","YP_009518764.1"
"4018","YP_009518765.1"
"4019","YP_009518766.1"
"4020","YP_009518767.1"
"4021","YP_009518768.1"
"4022","YP_009518769.1"
"4023","YP_009518770.2"
"4024","YP_009518771.1"
"4025","YP_009518772.1"
"4026","YP_009518773.1"
"4027","YP_009518774.1"
"4028","YP_009518775.1"
"4029","YP_009518776.1"
"4030","YP_009518777.1"
"4031","YP_009518778.1"
"4032","YP_009518779.1"
"4033","YP_009518780.1"
"4034","YP_009518781.1"
"4035","YP_009518782.1"
"4036","YP_009518783.1"
"4037","YP_009518784.1"
"4038","YP_009518785.1"
"4039","YP_009518786.1"
"4040","YP_009518787.1"
"4041","YP_009518788.1"
"4042","YP_009518789.1"
"4043","YP_009518790.1"
"4044","YP_009518791.1"
"4045","YP_009518792.1"
"4046","YP_009518793.1"
"4047","YP_009518794.1"
"4048","YP_009518795.2"
"4049","YP_009518796.1"
"4050","YP_009518797.1"
"4051","YP_009518798.1"
"4052","YP_009518799.1"
"4053","YP_009518800.1"
"4054","YP_009518801.1"
"4055","YP_009518802.1"
"4056","YP_009518803.1"
"4057","YP_009518804.1"
"4058","YP_009518805.1"
"4059","YP_009518806.1"
"4060","YP_009518807.1"
"4061","YP_009518808.1"
"4062","YP_009518809.1"
"4063","YP_009518810.1"
"4064","YP_009518811.1"
"4065","YP_009518812.1"
"4066","YP_009518813.1"
"4067","YP_009518814.1"
"4068","YP_009518815.1"
"4069","YP_009518816.1"
"4070","YP_009518818.1"
"4071","YP_009518819.1"
"4072","YP_009518820.1"
"4073","YP_009518821.1"
"4074","YP_009518822.1"
"4075","YP_009518824.1"
"4076","YP_009518825.1"
"4077","YP_009518826.1"
"4078","YP_009518827.1"
"4079","YP_009518828.1"
"4080","YP_009518830.1"
"4081","YP_009518831.1"
"4082","YP_009518832.1"
"4083","YP_009518833.1"
"4084","YP_009518834.1"
"4085","YP_010051172.1"
"4086","YP_010051173.1"
"4087","YP_010051174.1"
"4088","YP_010051175.1"
"4089","YP_010051176.1"
"4090","YP_010051177.1"
"4091","YP_010051178.1"
"4092","YP_010051179.1"
"4093","YP_010051180.1"
"4094","YP_010051181.1"
"4095","YP_010051182.1"
"4096","YP_010051183.1"
"4097","YP_010051184.1"
"4098","YP_010051185.1"
"4099","YP_010051186.1"
"4100","YP_010051187.1"
"4101","YP_010051188.1"
"4102","YP_010051189.1"
"4103","YP_010051190.1"
"4104","YP_010051191.1"
"4105","YP_010051192.1"
"4106","YP_010051193.1"
"4107","YP_010051194.1"
"4108","YP_010051195.1"
"4109","YP_010051196.1"
"4110","YP_010051197.1"
"4111","YP_010051198.1"
"4112","YP_010051199.1"
"4113","YP_010051200.1"
"4114","YP_010051201.1"
"4115","YP_010051202.1"
"4116","YP_010051203.1"
"4117","YP_010051204.1"
"4118","YP_010051205.1"
"4119","YP_010051206.1"
"4120","YP_010051207.1"
"4121","YP_010051208.1"
"4122","YP_010051209.1"
"4123","YP_010051210.1"
"4124","YP_010051211.1"
"4125","YP_010051212.1"
"4126","YP_010051213.1"
"4127","YP_010051214.1"
"4128","YP_010051215.1"
"4129","YP_010051216.1"
"4130","YP_010051217.1"
"4131","YP_010283908.1"
"4132","YP_010283909.1"
"4133","YP_010283910.1"
"4134","YP_010283911.1"
"4135","YP_010283912.1"
"4136","YP_010283913.1"
"4137","YP_010283914.1"
"4138","YP_010283915.1"
"4139","YP_010283916.1"
"4140","YP_010283917.1"
"4141","YP_010283918.1"
"4142","YP_010283919.1"
"4143","YP_010283920.1"
"4144","YP_010283921.1"
"4145","YP_025292.1"
"4146","YP_025293.1"
"4147","YP_025294.2"
"4148","YP_025295.1"
"4149","YP_025297.1"
"4150","YP_025298.1"
"4151","YP_025299.1"
"4152","YP_025300.1"
"4153","YP_025301.1"
"4154","YP_025302.1"
"4155","YP_025303.1"
"4156","YP_025304.1"
"4157","YP_025305.1"
"4158","YP_025306.1"
"4159","YP_025307.1"
"4160","YP_025308.1"
"4161","YP_025309.2"
"4162","YP_025310.1"
"4163","YP_026160.1"
"4164","YP_026161.1"
"4165","YP_026162.2"
"4166","YP_026163.2"
"4167","YP_026164.1"
"4168","YP_026168.2"
"4169","YP_026169.1"
"4170","YP_026170.1"
"4171","YP_026171.3"
"4172","YP_026172.1"
"4173","YP_026173.1"
"4174","YP_026174.2"
"4175","YP_026180.1"
"4176","YP_026181.1"
"4177","YP_026182.1"
"4178","YP_026183.1"
"4179","YP_026185.1"
"4180","YP_026186.1"
"4181","YP_026187.1"
"4182","YP_026188.1"
"4183","YP_026189.1"
"4184","YP_026190.1"
"4185","YP_026191.1"
"4186","YP_026192.1"
"4187","YP_026195.1"
"4188","YP_026196.1"
"4189","YP_026197.1"
"4190","YP_026199.1"
"4191","YP_026200.1"
"4192","YP_026201.1"
"4193","YP_026202.1"
"4194","YP_026203.3"
"4195","YP_026204.1"
"4196","YP_026205.1"
"4197","YP_026207.1"
"4198","YP_026208.1"
"4199","YP_026209.1"
"4200","YP_026210.1"
"4201","YP_026211.1"
"4202","YP_026212.2"
"4203","YP_026213.1"
"4204","YP_026214.1"
"4205","YP_026215.2"
"4206","YP_026216.2"
"4207","YP_026217.1"
"4208","YP_026218.1"
"4209","YP_026219.1"
"4210","YP_026220.1"
"4211","YP_026221.1"
"4212","YP_026222.1"
"4213","YP_026223.1"
"4214","YP_026224.1"
"4215","YP_026225.1"
"4216","YP_026226.4"
"4217","YP_026227.1"
"4218","YP_026228.1"
"4219","YP_026229.1"
"4220","YP_026230.1"
"4221","YP_026231.1"
"4222","YP_026232.1"
"4223","YP_026233.1"
"4224","YP_026237.1"
"4225","YP_026238.1"
"4226","YP_026239.1"
"4227","YP_026240.1"
"4228","YP_026241.1"
"4229","YP_026242.1"
"4230","YP_026243.1"
"4231","YP_026244.1"
"4232","YP_026245.1"
"4233","YP_026246.1"
"4234","YP_026247.1"
"4235","YP_026248.1"
"4236","YP_026251.1"
"4237","YP_026252.1"
"4238","YP_026253.1"
"4239","YP_026254.1"
"4240","YP_026255.1"
"4241","YP_026256.2"
"4242","YP_026257.1"
"4243","YP_026258.1"
"4244","YP_026259.1"
"4245","YP_026260.1"
"4246","YP_026261.1"
"4247","YP_026262.1"
"4248","YP_026263.3"
"4249","YP_026264.1"
"4250","YP_026265.1"
"4251","YP_026266.1"
"4252","YP_026267.1"
"4253","YP_026268.1"
"4254","YP_026269.1"
"4255","YP_026270.1"
"4256","YP_026271.1"
"4257","YP_026272.1"
"4258","YP_026273.1"
"4259","YP_026274.1"
"4260","YP_026275.1"
"4261","YP_026276.1"
"4262","YP_026277.1"
"4263","YP_026278.1"
"4264","YP_026279.1"
"4265","YP_026280.1"
"4266","YP_026281.1"
"4267","YP_026282.1"
"4268","YP_026283.1"
"4269","YP_026284.1"
"4270","YP_026285.1"
"4271","YP_026286.1"
"4272","YP_026287.1"
"4273","YP_026288.1"
"4274","YP_026290.1"
"4275","YP_026291.2"
"4276","YP_588435.1"
"4277","YP_588437.1"
"4278","YP_588439.1"
"4279","YP_588440.1"
"4280","YP_588441.1"
"4281","YP_588442.1"
"4282","YP_588443.1"
"4283","YP_588444.1"
"4284","YP_588445.1"
"4285","YP_588446.1"
"4286","YP_588447.1"
"4287","YP_588449.3"
"4288","YP_588450.2"
"4289","YP_588451.1"
"4290","YP_588452.1"
"4291","YP_588453.1"
"4292","YP_588454.1"
"4293","YP_588455.2"
"4294","YP_588456.1"
"4295","YP_588458.1"
"4296","YP_588459.1"
"4297","YP_588460.1"
"4298","YP_588461.1"
"4299","YP_588462.1"
"4300","YP_588463.1"
"4301","YP_588464.1"
"4302","YP_588465.1"
"4303","YP_588466.1"
"4304","YP_588467.1"
"4305","YP_588468.1"
"4306","YP_588469.1"
"4307","YP_588470.1"
"4308","YP_588471.1"
"4309","YP_588472.1"
"4310","YP_588473.1"
"4311","YP_588474.1"
"4312","YP_588476.1"
"4313","YP_588477.1"
"4314","YP_588478.1"
"4315","YP_588479.2"
